Unnamed: 0,CampaignURL,word,sentiment,joy count,sadness count
1,https://sportfunder.com/tjslaviatuzvolen/28678,organ,joy,3.0,0.0
4,https://sportfunder.com/danielvassalladams/25809,friend,joy,5.0,3.0
12,https://sportfunder.com/seanamini/29524,journey,joy,8.0,0.0
20,https://sportfunder.com/sambofederationofarmenia/28323,organ,joy,4.0,0.0
24,https://sportfunder.com/bobthompson/12274,winner,joy,9.0,4.0
37,https://sportfunder.com/jovontesuber/31804,passion,joy,3.0,0.0
40,https://sportfunder.com/usadeafwrestlingorganization/23697,organ,joy,5.0,0.0
45,https://sportfunder.com/usadeafwrestlingorganization/25617,organ,joy,3.0,0.0
48,https://sportfunder.com/acadiauniversitycheerleading/2393,leukemia,sadness,1.0,1.0
50,https://sportfunder.com/acadiauniversitycheerleading/8246,meltdown,sadness,2.0,1.0
53,https://sportfunder.com/acadiaaxetremecheerleading/23677,cheer,joy,2.0,0.0
55,https://sportfunder.com/winnipeggeneralstrike/2193,love,joy,5.0,1.0
61,https://sportfunder.com/teamgunnlaugson/25493,hope,joy,3.0,1.0
65,https://sportfunder.com/integritycheereliteiceallstars/15641,star,joy,6.0,0.0
71,https://sportfunder.com/paradiseracing/4434,journey,joy,7.0,1.0
79,https://sportfunder.com/morgyncook/40367,passion,joy,3.0,0.0
82,https://sportfunder.com/dawsonblues/13541,succeed,joy,4.0,1.0
87,https://sportfunder.com/academicartshighschool/31146,art,joy,8.0,4.0
99,https://sportfunder.com/robmcdougall/27770,passion,joy,31.0,2.0
132,https://sportfunder.com/anthonypietersz/29528,progress,joy,5.0,0.0
137,https://sportfunder.com/wellingtonwolvesflagfootballteam/31183,grow,joy,4.0,0.0
141,https://sportfunder.com/donaldbrown/31536,passion,joy,3.0,0.0
144,https://sportfunder.com/wallaseywolves/29346,deal,joy,1.0,0.0
145,https://sportfunder.com/keyarawardley/8762,medal,joy,4.0,1.0
150,https://sportfunder.com/ironrangestrikersfc/31161,youth,joy,6.0,0.0
156,https://sportfunder.com/uvicsynchro/889,swim,joy,6.0,1.0
163,https://sportfunder.com/teamvicaustralianfootball/27492,journey,joy,3.0,0.0
166,https://sportfunder.com/lindsayandpatricia/17273,journey,joy,11.0,1.0
178,https://sportfunder.com/teamvicrugby/27490,organ,joy,5.0,0.0
183,https://sportfunder.com/teamvicvolleyball/27491,organ,joy,5.0,0.0
188,https://sportfunder.com/joeyniezen/937,swim,joy,6.0,1.0
195,https://sportfunder.com/daveford/26608,friend,joy,3.0,0.0
198,https://sportfunder.com/kayakteam-canottieriquerinivenezia/29817,youth,joy,8.0,2.0
208,https://sportfunder.com/fdx/29162,hope,joy,3.0,0.0
211,https://sportfunder.com/sergiyter/28004,swim,joy,14.0,1.0
226,https://sportfunder.com/sedibengu15/29566,teach,joy,4.0,0.0
230,https://sportfunder.com/ubcsynchro/957,swim,joy,15.0,1.0
246,https://sportfunder.com/ubcsynchro/15229,swim,joy,9.0,0.0
255,https://sportfunder.com/christinewonggolf/29414,journey,joy,5.0,0.0
260,https://sportfunder.com/uofamininggames/30996,lost,sadness,2.0,1.0
263,https://sportfunder.com/uofamininggames/40216,lost,sadness,2.0,2.0
267,https://sportfunder.com/vikasshukla/28337,lover,joy,2.0,0.0
269,https://sportfunder.com/stevenpritchard/31217,passion,joy,4.0,0.0
273,https://sportfunder.com/sebastiaanroell/30890,die,sadness,3.0,1.0
277,https://sportfunder.com/urbanahighschoolcheerleading/29854,organ,joy,3.0,0.0
280,https://sportfunder.com/howelluniteddiamonds/28125,diamond,joy,9.0,0.0
289,https://sportfunder.com/nlapro/31921,entertain,joy,15.0,2.0
306,https://sportfunder.com/dangerzonewrestling/23696,journey,joy,3.0,0.0
309,https://sportfunder.com/teambrokenworld/25269,broken,sadness,7.0,6.0
322,https://sportfunder.com/lehighvalleyhunters/29919,hunter,sadness,3.0,1.0
326,https://sportfunder.com/amakirikelvin/30828,passion,joy,3.0,0.0
329,https://sportfunder.com/seanstarr/21215,champion,joy,5.0,0.0
334,https://sportfunder.com/lucywarne/28012,journey,joy,8.0,1.0
343,https://sportfunder.com/go-2-pro/28136,passion,joy,9.0,5.0
357,https://sportfunder.com/princetonakpojaro/30654,passion,joy,27.0,3.0
387,https://sportfunder.com/greatpotentialltd/29412,organ,joy,4.0,0.0
391,https://sportfunder.com/bmg/28193,organ,joy,5.0,0.0
396,https://sportfunder.com/pmdadila/31088,passion,joy,4.0,0.0
400,https://sportfunder.com/tychyfalcons/28674,special,joy,30.0,2.0
432,https://sportfunder.com/warao/27558,money,joy,4.0,0.0
436,https://sportfunder.com/tepaunitedfc/29857,share,joy,2.0,0.0
438,https://sportfunder.com/duffielddevilsmn/25363,devil,sadness,1.0,2.0
441,https://sportfunder.com/matthewmackillop/2497,doubt,sadness,2.0,2.0
445,https://sportfunder.com/noelhussey/24928,weight,joy,11.0,8.0
464,https://sportfunder.com/synchrocanadajuniornationalteam/23649,swim,joy,9.0,0.0
473,https://sportfunder.com/muaythaiontario/24381,medal,joy,28.0,5.0
506,https://sportfunder.com/philiposei/11110,success,joy,8.0,1.0
515,https://sportfunder.com/southsidemuaythaiacademy/21710,weight,joy,15.0,2.0
532,https://sportfunder.com/canadianjuniorindoorskydivingteam/25616,organ,joy,3.0,0.0
535,https://sportfunder.com/torontopickleball/31097,organ,joy,6.0,0.0
541,https://sportfunder.com/ryersonuniversitycheerleading/849,perfect,joy,4.0,0.0
545,https://sportfunder.com/a4a/24432,organ,joy,2.0,0.0
547,https://sportfunder.com/patriciabezzoubenko/24753,champion,joy,10.0,1.0
558,https://sportfunder.com/sara/27593,love,joy,7.0,0.0
565,https://sportfunder.com/falconscc/27776,youth,joy,5.0,1.0
571,https://sportfunder.com/runtheworld2019/28185,margin,sadness,9.0,14.0
594,https://sportfunder.com/tocc/31228,thrill,joy,6.0,0.0
600,https://sportfunder.com/mhlumepeacemakersfc/29885,organ,joy,7.0,0.0
607,https://sportfunder.com/reaganashley/27561,progress,joy,12.0,0.0
619,https://sportfunder.com/willlyall/27562,hope,joy,1.0,0.0
620,https://sportfunder.com/scotthill/7894,organ,joy,8.0,0.0
628,https://sportfunder.com/hopeduncan/22629,pay,joy,3.0,1.0
632,https://sportfunder.com/isabelabalatka/30859,youth,joy,11.0,1.0
644,https://sportfunder.com/connorshackelofrd/29916,passion,joy,3.0,0.0
647,https://sportfunder.com/levetasmith/30982,organ,joy,3.0,0.0
650,https://sportfunder.com/carolinecomperatore_/40124,passion,joy,6.0,0.0
656,https://sportfunder.com/teamttc/22231,art,joy,10.0,1.0
667,https://sportfunder.com/taylorsvillescoutfootballteam/28149,money,joy,11.0,0.0
678,https://sportfunder.com/olympicfckenya/31373,organ,joy,4.0,0.0
682,https://sportfunder.com/samsmith/22610,weight,joy,7.0,3.0
692,https://sportfunder.com/sharellemarching/27889,hope,joy,2.0,0.0
694,https://sportfunder.com/newplymouthtaekwondohapkidoclub/28210,money,joy,5.0,2.0
701,https://sportfunder.com/subhan/170,love,joy,6.0,0.0
707,https://sportfunder.com/subhan/23883,special,joy,7.0,0.0
714,https://sportfunder.com/usfwomensclubsoccer/28179,fall,sadness,5.0,1.0
720,https://sportfunder.com/usfwomensclubsoccer/31077,success,joy,1.0,0.0
721,https://sportfunder.com/usfwomensclubsoccer/29895,fall,sadness,2.0,1.0
724,https://sportfunder.com/sickleshighschoolfootball/25934,success,joy,6.0,0.0
730,https://sportfunder.com/lorelaihunt/31907,passion,joy,3.0,0.0
733,https://sportfunder.com/silvaselect/40453,youth,joy,6.0,0.0
739,https://sportfunder.com/fernandosaldana/40531,champion,joy,8.0,0.0
747,https://sportfunder.com/sydneyunihandballclub/40516,champion,joy,8.0,0.0
755,https://sportfunder.com/sydneyunihandballclub/29573,champion,joy,5.0,0.0
760,https://sportfunder.com/balmaintigersafl/27549,proud,joy,2.0,0.0
762,https://sportfunder.com/joehall/28141,hope,joy,7.0,2.0
771,https://sportfunder.com/teamswedencoed/23232,journey,joy,4.0,0.0
775,https://sportfunder.com/thereseblennert/29535,score,joy,5.0,0.0
780,https://sportfunder.com/georgestamour/5142,amour,joy,11.0,0.0
791,https://sportfunder.com/bamasterssoccerassociationofvancouver/28051,money,joy,5.0,0.0
796,https://sportfunder.com/ihtkesw/30949,money,joy,4.0,0.0
800,https://sportfunder.com/christownsend/3661,weight,joy,6.0,3.0
809,https://sportfunder.com/alessandrafattore/28113,passion,joy,10.0,1.0
820,https://sportfunder.com/trihighbasketball/29444,organ,joy,3.0,0.0
823,https://sportfunder.com/nordiccapitaljudochallenge/21124,money,joy,3.0,0.0
826,https://sportfunder.com/hannakarlsson/29526,save,joy,8.0,2.0
836,https://sportfunder.com/steinbachsynchro/1233,music,joy,1.0,1.0
838,https://sportfunder.com/georgiablaikie/40267,fun,joy,4.0,0.0
842,https://sportfunder.com/intensity/14389,proud,joy,1.0,0.0
843,https://sportfunder.com/alexandrakanioros/29849,cancel,sadness,1.0,1.0
845,https://sportfunder.com/neptunesynchro/17729,lower,sadness,7.0,2.0
854,https://sportfunder.com/benton/29869,passion,joy,3.0,0.0
857,https://sportfunder.com/taylorhendricks/27742,champion,joy,7.0,0.0
864,https://sportfunder.com/gselvakumar/31113,passion,joy,3.0,0.0
867,https://sportfunder.com/sfstealthlax/31182,fall,sadness,5.0,6.0
878,https://sportfunder.com/vincerezeng/27548,journey,joy,1.0,0.0
879,https://sportfunder.com/shinnstonsoccer/27201,love,joy,9.0,0.0
888,https://sportfunder.com/nicholeshaferherring/27726,journey,joy,3.0,0.0
891,https://sportfunder.com/matteosubet/27773,passion,joy,2.0,1.0
894,https://sportfunder.com/krisfund/28205,journey,joy,3.0,0.0
897,https://sportfunder.com/cheekathletics/29154,organ,joy,4.0,0.0
901,https://sportfunder.com/marioudvardi/27480,journey,joy,5.0,0.0
906,https://sportfunder.com/stephaniedyck/1293,money,joy,3.0,0.0
909,https://sportfunder.com/sarniaolympictaekwondo/24272,money,joy,7.0,0.0
916,https://sportfunder.com/ianmorgan/28315,late,sadness,2.0,2.0
920,https://sportfunder.com/leopardodelasnieves/28364,accomplish,joy,4.0,0.0
924,https://sportfunder.com/lgdm/25762,money,joy,11.0,0.0
935,https://sportfunder.com/sophie/27941,love,joy,1.0,0.0
936,https://sportfunder.com/elsot-acmteam/25533,organ,joy,4.0,0.0
940,https://sportfunder.com/cvassassins_/40382,assassin,sadness,1.0,3.0
944,https://sportfunder.com/afcsouthbay/40385,champion,joy,8.0,0.0
952,https://sportfunder.com/juanpablodibangiacoman/31092,passion,joy,3.0,0.0
955,https://sportfunder.com/davidmussad/26145,enjoy,joy,8.0,1.0
964,https://sportfunder.com/georgiantennis/27594,respect,joy,4.0,0.0
968,https://sportfunder.com/maximustufugafale/31144,passion,joy,6.0,0.0
974,https://sportfunder.com/scoutsoccer/29410,love,joy,4.0,0.0
978,https://sportfunder.com/pridecheer/30967,pride,joy,4.0,0.0
982,https://sportfunder.com/patrick/19621,share,joy,5.0,0.0
987,https://sportfunder.com/betancourt/28064,money,joy,15.0,2.0
1004,https://sportfunder.com/teamforca/21845,success,joy,9.0,3.0
1016,https://sportfunder.com/___/28311,enthusiasm,joy,5.0,1.0
1022,https://sportfunder.com/tomgandy/30879,proud,joy,5.0,1.0
1028,https://sportfunder.com/bucharestathleticsassociation/29537,award,joy,9.0,1.0
1038,https://sportfunder.com/anupvyas/29415,passion,joy,4.0,0.0
1042,https://sportfunder.com/cwp/23784,money,joy,3.0,0.0
1045,https://sportfunder.com/richmondislanders05b/30873,organ,joy,1.0,0.0
1046,https://sportfunder.com/richmondsoul/31830,organ,joy,3.0,0.0
1049,https://sportfunder.com/readingbrazilianjiujitsu/19997,found,joy,2.0,0.0
1051,https://sportfunder.com/dnaracingteam/29530,organ,joy,4.0,0.0
1055,https://sportfunder.com/khiladis/30936,organ,joy,4.0,1.0
1060,https://sportfunder.com/koracooper/28074,journey,joy,6.0,0.0
1066,https://sportfunder.com/upstreetdanceclub/25353,excel,joy,10.0,0.0
1076,https://sportfunder.com/lmnphilippines/25734,hope,joy,9.0,0.0
1085,https://sportfunder.com/trysportsph/27740,teach,joy,10.0,0.0
1095,https://sportfunder.com/barbora/31323,love,joy,2.0,0.0
1097,https://sportfunder.com/rougeetorvolleyballmasculin/6110,feat,joy,2.0,0.0
1099,https://sportfunder.com/teamcanadadance/10482,journey,joy,11.0,1.0
1111,https://sportfunder.com/slclions/23244,excel,joy,6.0,1.0
1118,https://sportfunder.com/aamir/28313,journey,joy,3.0,0.0
1121,https://sportfunder.com/parvandhkrishnan/31140,passion,joy,3.0,0.0
1124,https://sportfunder.com/brunou14girls/28059,youth,joy,4.0,0.0
1128,https://sportfunder.com/princetonbasketballclub/25922,grow,joy,3.0,0.0
1131,https://sportfunder.com/pgjudoclub/20757,success,joy,3.0,0.0
1134,https://sportfunder.com/pgjudoclub/5122,pay,joy,1.0,0.0
1135,https://sportfunder.com/judopei/23753,organ,joy,5.0,0.0
1140,https://sportfunder.com/tsg/22993,ill,sadness,4.0,1.0
1145,https://sportfunder.com/2runners/10014,money,joy,6.0,0.0
1151,https://sportfunder.com/avagault/31008,passion,joy,3.0,0.0
1154,https://sportfunder.com/jenniferumberger/40261,love,joy,2.0,0.0
1156,https://sportfunder.com/schuylkillymcagymnastics/40136,safe,joy,5.0,0.0
1161,https://sportfunder.com/charliegran/27896,pay,joy,2.0,0.0
1163,https://sportfunder.com/avaedmonds/30870,thrill,joy,3.0,0.0
1166,https://sportfunder.com/pccathleticevents/29865,money,joy,5.0,0.0
1171,https://sportfunder.com/alexgolfs/30913,passion,joy,3.0,0.0
1174,https://sportfunder.com/banzaivolley-ballclub/31555,friendship,joy,14.0,2.0
1190,https://sportfunder.com/natalieholsapple/31212,passion,joy,3.0,0.0
1193,https://sportfunder.com/rickgarcia/28197,youth,joy,18.0,2.0
1213,https://sportfunder.com/zea-dinejanuarie/29620,proud,joy,2.0,0.0
1215,https://sportfunder.com/ivamam/30977,love,joy,16.0,2.0
1233,https://sportfunder.com/szymonjablkowski/29150,progress,joy,12.0,0.0
1245,https://sportfunder.com/matteopatacca/30852,passion,joy,3.0,0.0
1248,https://sportfunder.com/sisonkeelitefootballproject/29629,organ,joy,4.0,0.0
1252,https://sportfunder.com/kcvavolleyball15red/29144,organ,joy,4.0,0.0
1256,https://sportfunder.com/hockeng/30862,passion,joy,4.0,0.0
1260,https://sportfunder.com/adaptivesurftrainingcenter/31100,heal,joy,29.0,7.0
1296,https://sportfunder.com/hunterpowershowcase/28192,hunter,sadness,9.0,3.0
1308,https://sportfunder.com/wpuchin/27815,pine,sadness,7.0,2.0
1317,https://sportfunder.com/shedevils/28114,devil,sadness,5.0,4.0
1326,https://sportfunder.com/msejahmediasports/28131,journey,joy,3.0,0.0
1329,https://sportfunder.com/amandadennis/31887,passion,joy,15.0,1.0
1345,https://sportfunder.com/loloteam/27541,organ,joy,5.0,0.0
1350,https://sportfunder.com/loloteam/27544,organ,joy,5.0,0.0
1355,https://sportfunder.com/kickconnection/1329,money,joy,3.0,0.0
1358,https://sportfunder.com/takkhunnwang/21759,champion,joy,4.0,0.0
1362,https://sportfunder.com/syaquarius/29894,organ,joy,4.0,0.0
1366,https://sportfunder.com/northflaglerwildcats/31173,organ,joy,3.0,0.0
1369,https://sportfunder.com/americansamoawomensbeachhandballteam/30896,beach,joy,8.0,0.0
1377,https://sportfunder.com/breakerband/40438,pride,joy,3.0,0.0
1380,https://sportfunder.com/moheabeid/31545,passion,joy,6.0,0.0
1386,https://sportfunder.com/marikakay/8242,passion,joy,9.0,3.0
1398,https://sportfunder.com/ottawaeliteu17team/23455,youth,joy,7.0,1.0
1406,https://sportfunder.com/ottawafightfitness/10758,deal,joy,1.0,0.0
1407,https://sportfunder.com/ottawageegeesmensbaseball/1450,passion,joy,9.0,0.0
1416,https://sportfunder.com/brazilbound/17113,accomplish,joy,5.0,0.0
1421,https://sportfunder.com/billvanlieshouttennisclassic/30877,late,sadness,4.0,3.0
1428,https://sportfunder.com/chrisgreen/29442,meltdown,sadness,5.0,3.0
1436,https://sportfunder.com/topselectboys16royal/29416,money,joy,2.0,0.0
1438,https://sportfunder.com/south-sideshooters/28375,organ,joy,7.0,1.0
1446,https://sportfunder.com/jamesmoler/30651,passion,joy,7.0,0.0
1453,https://sportfunder.com/teamcharles/1621,youth,joy,17.0,0.0
1470,https://sportfunder.com/teamcharles/16249,youth,joy,12.0,0.0
1482,https://sportfunder.com/futsalgorovo/31004,organ,joy,4.0,0.0
1486,https://sportfunder.com/regals_lax/31181,organ,joy,6.0,0.0
1492,https://sportfunder.com/haileycarey/30872,passion,joy,3.0,0.0
1495,https://sportfunder.com/norbeckhillsswimteam/29401,swim,joy,7.0,0.0
1502,https://sportfunder.com/rogueracingclub/28047,youth,joy,7.0,0.0
1509,https://sportfunder.com/jonpoteet/27573,exceed,joy,2.0,0.0
1511,https://sportfunder.com/dsaokcjudo/40338,dove,joy,4.0,1.0
1516,https://sportfunder.com/apexskillscamp/31894,organ,joy,4.0,0.0
1520,https://sportfunder.com/alexpoinar/21501,art,joy,22.0,4.0
1546,https://sportfunder.com/angelahill/29446,cheer,joy,11.0,0.0
1557,https://sportfunder.com/tbteam/31197,organ,joy,4.0,0.0
1561,https://sportfunder.com/centralminnesotapsychopaths/25933,love,joy,4.0,0.0
1565,https://sportfunder.com/vladimirostziortzi/29316,bad,sadness,11.0,2.0
1578,https://sportfunder.com/lydiakanellopoulou/29855,passion,joy,3.0,0.0
1581,https://sportfunder.com/malionsportsclub/27520,friend,joy,6.0,1.0
1588,https://sportfunder.com/lenameidanifossen/29610,acrobat,joy,7.0,0.0
1595,https://sportfunder.com/ektoras/30991,passion,joy,4.0,1.0
1600,https://sportfunder.com/oceansidechiefs/27944,tough,sadness,9.0,2.0
1611,https://sportfunder.com/irinasokolova/28278,found,joy,4.0,1.0
1616,https://sportfunder.com/tomasi/30878,passion,joy,3.0,0.0
1619,https://sportfunder.com/tomasi/31005,passion,joy,3.0,0.0
1622,https://sportfunder.com/beachteammkcom/28666,beach,joy,15.0,0.0
1637,https://sportfunder.com/beachteammkcom/30658,beach,joy,20.0,0.0
1657,https://sportfunder.com/vukradovanovi%C4%8798/27477,medal,joy,3.0,0.0
1660,https://sportfunder.com/beckfamilyracing/22424,cross,sadness,8.0,1.0
1669,https://sportfunder.com/warhawksbaseball/29893,found,joy,8.0,0.0
1677,https://sportfunder.com/kumakechjames/26738,organ,joy,5.0,0.0
1682,https://sportfunder.com/averybellas_/40603,passion,joy,6.0,0.0
1685,https://sportfunder.com/emmaweiss_/39453,passion,joy,6.0,0.0
1688,https://sportfunder.com/gracedakuginow/39454,passion,joy,6.0,0.0
1691,https://sportfunder.com/audrinaluchinolorentz_/39458,passion,joy,6.0,0.0
1706,https://sportfunder.com/mariahbradley_/39460,passion,joy,3.0,0.0
1709,https://sportfunder.com/kaitlyndugan_/39465,passion,joy,3.0,0.0
1712,https://sportfunder.com/spiritgymnastics/31223,passion,joy,3.0,0.0
1715,https://sportfunder.com/bhadradhinesh_/31484,passion,joy,3.0,0.0
1718,https://sportfunder.com/spiritgymnastics/31922,organ,joy,4.0,0.0
1722,https://sportfunder.com/spiritgymnastics/40568,fall,sadness,3.0,1.0
1726,https://sportfunder.com/gavriellebratis_/40598,passion,joy,3.0,0.0
1729,https://sportfunder.com/nebassinri/30903,passion,joy,8.0,0.0
1737,https://sportfunder.com/nyjahturner/31179,passion,joy,5.0,0.0
1742,https://sportfunder.com/djtravelbaseball/40404,pay,joy,1.0,0.0
1743,https://sportfunder.com/rajkovicpusonjic/28328,beach,joy,15.0,0.0
1758,https://sportfunder.com/newcastleavengersbasketballclub/29352,youth,joy,8.0,0.0
1766,https://sportfunder.com/samedney/31205,true,joy,10.0,0.0
1776,https://sportfunder.com/amberkennedy/27712,succeed,joy,7.0,1.0
1784,https://sportfunder.com/westsidewanderersmarchingclub/27785,passion,joy,2.0,1.0
1787,https://sportfunder.com/newzealanddeaffootball/29380,organ,joy,4.0,0.0
1791,https://sportfunder.com/jackiewatene_/31059,passion,joy,3.0,1.0
1795,https://sportfunder.com/testinganotherteamcreation/26127,organ,joy,5.0,0.0
1800,https://sportfunder.com/dan1282/28268,hope,joy,7.0,1.0
1808,https://sportfunder.com/stactennis/29105,fall,sadness,3.0,1.0
1812,https://sportfunder.com/vincenzo/29441,passion,joy,4.0,1.0
1817,https://sportfunder.com/dinokocityroversfc/30956,organ,joy,9.0,0.0
1826,https://sportfunder.com/jamesibrahim/26737,passion,joy,2.0,3.0
1831,https://sportfunder.com/ryderpennington/28041,gain,joy,4.0,0.0
1835,https://sportfunder.com/benmason/31687,fun,joy,3.0,0.0
1838,https://sportfunder.com/pureperformance/24116,smile,joy,6.0,1.0
1845,https://sportfunder.com/saharidumainisinamo/29606,journey,joy,9.0,1.0
1855,https://sportfunder.com/tanyabottomley/29458,late,sadness,4.0,2.0
1861,https://sportfunder.com/alexanderhaserodt/29464,swim,joy,5.0,0.0
1866,https://sportfunder.com/localnashvillesoccerteam/31460,enjoy,joy,7.0,0.0
1873,https://sportfunder.com/paraeqrider/28107,bad,sadness,15.0,7.0
1895,https://sportfunder.com/risingshuttlers/27631,organ,joy,3.0,2.0
1900,https://sportfunder.com/joshadegoke/30984,hope,joy,2.0,1.0
1903,https://sportfunder.com/prestigeventures/23930,organ,joy,3.0,0.0
1906,https://sportfunder.com/edwinonchonga/28374,journey,joy,3.0,0.0
1909,https://sportfunder.com/sailorshockeyteam/26742,found,joy,18.0,2.0
1929,https://sportfunder.com/teamfittertec/28190,perfect,joy,3.0,1.0
1933,https://sportfunder.com/manzerbasketballclub/24643,organ,joy,5.0,0.0
1938,https://sportfunder.com/christiantroncoppola/30867,proud,joy,4.0,0.0
1942,https://sportfunder.com/risejiujitsu/29089,victim,sadness,14.0,3.0
1959,https://sportfunder.com/khanyisanifootballclub/28134,success,joy,5.0,1.0
1965,https://sportfunder.com/khanyisaniladiesfootballclub/27483,esteem,joy,6.0,1.0
1972,https://sportfunder.com/moscowwrestlingclub/25255,champion,joy,12.0,0.0
1984,https://sportfunder.com/mcgillcheerleading/478,cheer,joy,4.0,0.0
1988,https://sportfunder.com/wanderersrfc/23577,grow,joy,6.0,2.0
1996,https://sportfunder.com/mcgillsynchro/770,swim,joy,5.0,0.0
2001,https://sportfunder.com/mcgillfigureskating/13,fall,sadness,2.0,3.0
2006,https://sportfunder.com/bellerebelfreestyle/25921,accomplish,joy,9.0,2.0
2017,https://sportfunder.com/carabinsskialpin/9750,generous,joy,10.0,0.0
2027,https://sportfunder.com/categuica/23099,weight,joy,3.0,2.0
2032,https://sportfunder.com/uqamcheerleading/1913,money,joy,1.0,0.0
2033,https://sportfunder.com/dawsoncollegewomensbasketball/10594,progress,joy,8.0,3.0
2044,https://sportfunder.com/hiboux/22140,handicap,sadness,4.0,3.0
2051,https://sportfunder.com/coachaj/22982,organ,joy,3.0,0.0
2054,https://sportfunder.com/savateteamcanada/10118,acrobat,joy,8.0,4.0
2066,https://sportfunder.com/uqamcheerleading/24614,enthusiast,joy,2.0,0.0
2068,https://sportfunder.com/ymhawolfpackelite/3389,hope,joy,8.0,0.0
2076,https://sportfunder.com/mcgillalpineskiteam/13070,hire,joy,4.0,1.0
2081,https://sportfunder.com/lslu19aa/19817,food,joy,7.0,0.0
2088,https://sportfunder.com/mcgillkingames/16833,enthusiast,joy,9.0,0.0
2097,https://sportfunder.com/dawsonbluescoedvolleyball/23328,blue,sadness,,3.0
2100,https://sportfunder.com/bluesrfc/22792,blue,sadness,6.0,3.0
2109,https://sportfunder.com/uqamsoccer/14485,gain,joy,2.0,0.0
2111,https://sportfunder.com/alsports/13353,success,joy,7.0,0.0
2118,https://sportfunder.com/nicholaslopez_/22863,blue,sadness,4.0,4.0
2126,https://sportfunder.com/markplastina/23092,accomplish,joy,9.0,0.0
2135,https://sportfunder.com/mikaisthebestallthetime/25891,medal,joy,8.0,0.0
2143,https://sportfunder.com/teampmmafightersmanagement/25908,organ,joy,4.0,0.0
2147,https://sportfunder.com/saintlaurentspartans/25925,saint,joy,7.0,0.0
2154,https://sportfunder.com/testingcampaigncreationmichael/26736,award,joy,2.0,1.0
2157,https://sportfunder.com/michaelshpigelman/27472,journey,joy,3.0,0.0
2160,https://sportfunder.com/michaelshpigelman/27473,journey,joy,3.0,0.0
2163,https://sportfunder.com/hellomanaaa/28182,journey,joy,3.0,0.0
2166,https://sportfunder.com/bluehounds/28257,organ,joy,1.0,0.0
2167,https://sportfunder.com/jazzy/28282,medal,joy,8.0,0.0
2175,https://sportfunder.com/pmmafighters/30822,organ,joy,2.0,0.0
2177,https://sportfunder.com/swmodiscgolfers/27579,grow,joy,8.0,0.0
2185,https://sportfunder.com/tomcampbell/25467,champion,joy,2.0,1.0
2188,https://sportfunder.com/danielletravis/27221,aloha,joy,20.0,0.0
2208,https://sportfunder.com/dnaquidditchclub/40332,organ,joy,4.0,0.0
2212,https://sportfunder.com/jessica/27711,share,joy,7.0,1.0
2220,https://sportfunder.com/tfsyouthdevelopment/31219,youth,joy,12.0,0.0
2232,https://sportfunder.com/letsplayhockey-mk/29374,withdraw,sadness,13.0,1.0
2246,https://sportfunder.com/teamgeorgia12u-cooperstown2021/31477,organ,joy,3.0,0.0
2249,https://sportfunder.com/emaary/24067,calf,joy,8.0,1.0
2258,https://sportfunder.com/romanipeoplefootballteam/24259,grow,joy,2.0,0.0
2260,https://sportfunder.com/giovanni/27942,excel,joy,4.0,0.0
2264,https://sportfunder.com/halfwayhousedragons/31090,organ,joy,4.0,0.0
2268,https://sportfunder.com/williamyves/31203,love,joy,22.0,2.0
2292,https://sportfunder.com/alejandromenendez/298,champion,joy,4.0,0.0
2296,https://sportfunder.com/deluken/28616,journey,joy,3.0,2.0
2301,https://sportfunder.com/fernanda/27575,journey,joy,6.0,2.0
2309,https://sportfunder.com/metroelitebasketballclub/29318,organ,joy,3.0,0.0
2312,https://sportfunder.com/nevelledurawo/28290,youth,joy,4.0,0.0
2316,https://sportfunder.com/nevelledurawo/28297,youth,joy,4.0,0.0
2320,https://sportfunder.com/nevelledurawo/28671,journey,joy,3.0,0.0
2323,https://sportfunder.com/mbjjf/30648,champion,joy,12.0,0.0
2335,https://sportfunder.com/shinjuaikidodojo/29449,ruin,sadness,7.0,5.0
2347,https://sportfunder.com/nikkiking/40334,journey,joy,6.0,2.0
2355,https://sportfunder.com/phakoamashape/28350,excel,joy,4.0,2.0
2361,https://sportfunder.com/jamesmolorane/31175,passion,joy,4.0,0.0
2365,https://sportfunder.com/acs/29555,teach,joy,5.0,1.0
2371,https://sportfunder.com/brandon/4762,medal,joy,20.0,1.0
2392,https://sportfunder.com/fbal/27750,journey,joy,3.0,0.0
2395,https://sportfunder.com/kccare/26684,child,joy,7.0,0.0
2402,https://sportfunder.com/kccare/26679,child,joy,7.0,0.0
2409,https://sportfunder.com/mariettacollegemensbasketball/26080,beach,joy,7.0,0.0
2416,https://sportfunder.com/copaforce1/27810,grow,joy,4.0,0.0
2420,https://sportfunder.com/tpwomens/24155,journey,joy,7.0,0.0
2427,https://sportfunder.com/upeepz/6874,art,joy,5.0,1.0
2433,https://sportfunder.com/deftacribeirobjjphilippines/16921,share,joy,8.0,1.0
2442,https://sportfunder.com/malindiboxingclub/24101,success,joy,8.0,4.0
2454,https://sportfunder.com/sooteckzhijerry/30953,passion,joy,3.0,0.0
2457,https://sportfunder.com/malacky/31098,organ,joy,4.0,0.0
2461,https://sportfunder.com/susma/27806,passion,joy,1.0,0.0
2462,https://sportfunder.com/ray/27840,journey,joy,3.0,0.0
2465,https://sportfunder.com/rene/23485,found,joy,8.0,0.0
2473,https://sportfunder.com/venezuelaworldtoeikankarate/24003,organ,joy,5.0,1.0
2479,https://sportfunder.com/dakotadey/31541,passion,joy,6.0,0.0
2485,https://sportfunder.com/nathangardner/31561,love,joy,6.0,0.0
2491,https://sportfunder.com/oasissportingclub/30973,organ,joy,4.0,0.0
2495,https://sportfunder.com/swapnilkumar/28332,journey,joy,4.0,1.0
2500,https://sportfunder.com/lizmcternan/27687,swim,joy,7.0,0.0
2507,https://sportfunder.com/westsidetrackclub/31831,organ,joy,5.0,1.0
2513,https://sportfunder.com/tylerbrw/31888,passion,joy,6.0,0.0
2519,https://sportfunder.com/ballardfootball/29158,organ,joy,4.0,0.0
2523,https://sportfunder.com/beechmontbaseball/31222,youth,joy,7.0,2.0
2532,https://sportfunder.com/jalenlamarhenry/30930,mother,joy,11.0,2.0
2545,https://sportfunder.com/crenshawramsfutureleague/27735,organ,joy,4.0,0.0
2549,https://sportfunder.com/morganhill/29522,money,joy,5.0,0.0
2554,https://sportfunder.com/londonsynchrouniversity/23070,swim,joy,6.0,1.0
2561,https://sportfunder.com/rossrichardson/28685,journey,joy,1.0,0.0
2562,https://sportfunder.com/londongirlsindoorsoccer/31543,hope,joy,7.0,1.0
2570,https://sportfunder.com/slovenialacrosse/25162,found,joy,2.0,0.0
2572,https://sportfunder.com/samwilson/28276,money,joy,6.0,0.0
2578,https://sportfunder.com/anlcoastal/40433,medal,joy,2.0,0.0
2580,https://sportfunder.com/liionsfc/28096,enthusiast,joy,5.0,0.0
2585,https://sportfunder.com/rawofootballacademyrfa/28219,youth,joy,29.0,0.0
2614,https://sportfunder.com/rawofootballacademyrfa/28716,fun,joy,6.0,0.0
2620,https://sportfunder.com/caitlinpurcell/8826,love,joy,6.0,1.0
2627,https://sportfunder.com/nigerianfencing/30935,bless,joy,6.0,0.0
2633,https://sportfunder.com/legiongaming/29546,entertain,joy,3.0,0.0
2636,https://sportfunder.com/kcscblitzsoftball/27629,excel,joy,2.0,0.0
2638,https://sportfunder.com/serenityhanson/27725,journey,joy,3.0,0.0
2641,https://sportfunder.com/ritalazar/23881,passion,joy,2.0,0.0
2643,https://sportfunder.com/spartanparentboosterclub/26741,succeed,joy,3.0,0.0
2646,https://sportfunder.com/anastasija/28122,passion,joy,11.0,1.0
2658,https://sportfunder.com/teamguyracing/28093,love,joy,4.0,0.0
2662,https://sportfunder.com/selasvegasriot/29106,organ,joy,3.0,0.0
2665,https://sportfunder.com/fullcourtfiesta/31895,fiesta,joy,4.0,0.0
2669,https://sportfunder.com/ameliagonzalez_/39408,passion,joy,3.0,0.0
2672,https://sportfunder.com/kirkfieldunitedamateurs/31049,organ,joy,6.0,0.0
2678,https://sportfunder.com/syedlabeeq/28135,succeed,joy,2.0,0.0
2680,https://sportfunder.com/free4fun/28086,organ,joy,5.0,0.0
2685,https://sportfunder.com/royalfootballclublagos/31322,found,joy,3.0,0.0
2688,https://sportfunder.com/thurstoncountysay/31471,organ,joy,4.0,0.0
2692,https://sportfunder.com/evdokymovracing/31207,passion,joy,3.0,0.0
2695,https://sportfunder.com/febil/29867,passion,joy,3.0,1.0
2699,https://sportfunder.com/ipelengmachwisa/28673,organ,joy,4.0,0.0
2703,https://sportfunder.com/gemcitythrowbacks11u/26609,gem,joy,10.0,0.0
2713,https://sportfunder.com/ketacup/24418,organ,joy,3.0,0.0
2716,https://sportfunder.com/jamesmwaura/30959,passion,joy,7.0,1.0
2724,https://sportfunder.com/medineriverrace/28108,journey,joy,3.0,0.0
2727,https://sportfunder.com/medineriverrace/28109,proud,joy,1.0,0.0
2728,https://sportfunder.com/mujtaba/30954,passion,joy,5.0,0.0
2733,https://sportfunder.com/mohsinkamran/31127,passion,joy,3.0,0.0
2736,https://sportfunder.com/mollyjean/27723,love,joy,4.0,1.0
2741,https://sportfunder.com/paigeflanders/28670,journey,joy,3.0,0.0
2744,https://sportfunder.com/kjhsladykays/26060,organ,joy,3.0,0.0
2747,https://sportfunder.com/denismusali/27837,money,joy,5.0,0.0
2752,https://sportfunder.com/akuwaderick/27878,youth,joy,5.0,0.0
2757,https://sportfunder.com/morganendean/3413,green,joy,5.0,0.0
2762,https://sportfunder.com/2015worldgymnaestrada/10242,passion,joy,5.0,0.0
2767,https://sportfunder.com/kiranashankarchawan/28360,journey,joy,3.0,0.0
2770,https://sportfunder.com/josiahranderson/29572,love,joy,4.0,0.0
2774,https://sportfunder.com/elizabethsaliba/29928,passion,joy,5.0,1.0
2780,https://sportfunder.com/jean-marcmalkowski/30916,champion,joy,8.0,0.0
2788,https://sportfunder.com/upjvoll/31196,friend,joy,5.0,0.0
2793,https://sportfunder.com/lucassithole/27914,grow,joy,4.0,0.0
2797,https://sportfunder.com/jepperowing/27835,proud,joy,18.0,3.0
2818,https://sportfunder.com/leecrossland/28099,success,joy,14.0,7.0
2839,https://sportfunder.com/titansrugby/28274,organ,joy,4.0,0.0
2843,https://sportfunder.com/nkosinathihlongwane/29622,true,joy,5.0,0.0
2848,https://sportfunder.com/tafararugara/31054,passion,joy,3.0,0.0
2851,https://sportfunder.com/steelforceelitecom/27817,star,joy,13.0,1.0
2865,https://sportfunder.com/karah/31463,passion,joy,3.0,0.0
2868,https://sportfunder.com/jagjitsengupta/28266,money,joy,10.0,0.0
2878,https://sportfunder.com/jasonandmsamiltia/28013,militia,sadness,3.0,3.0
2884,https://sportfunder.com/jameslanerimilitia/28011,star,joy,5.0,2.0
2891,https://sportfunder.com/jamiesonstone/31209,passion,joy,5.0,0.0
2896,https://sportfunder.com/micheledec/28005,child,joy,2.0,0.0
2898,https://sportfunder.com/sportingclubcalifornia/30886,organ,joy,6.0,0.0
2904,https://sportfunder.com/dynamicathletemanagement/25259,cage,sadness,3.0,1.0
2908,https://sportfunder.com/danbenin/26070,love,joy,4.0,0.0
2912,https://sportfunder.com/james/31612,passion,joy,6.0,1.0
2919,https://sportfunder.com/12uastrossoftball/26689,love,joy,6.0,0.0
2925,https://sportfunder.com/reaghan/26705,love,joy,6.0,0.0
2931,https://sportfunder.com/prudentmotorsports/28209,success,joy,9.0,0.0
2940,https://sportfunder.com/sudeep/30885,passion,joy,3.0,0.0
2943,https://sportfunder.com/sjsjsjdhdhf/31329,love,joy,6.0,0.0
2949,https://sportfunder.com/jaybanlasan/29453,journey,joy,5.0,7.0
2961,https://sportfunder.com/ol/28097,journey,joy,3.0,0.0
2964,https://sportfunder.com/woodstudgameproject/30992,passion,joy,4.0,2.0
2970,https://sportfunder.com/kasopeajibola/27627,friend,joy,4.0,0.0
2974,https://sportfunder.com/hopeisalivesoccerfoundationteam/29286,hope,joy,15.0,3.0
2992,https://sportfunder.com/ianrodriguez_eliogas_baseballfactory/28082,hope,joy,5.0,0.0
2997,https://sportfunder.com/bronner/29094,pay,joy,2.0,0.0
2999,https://sportfunder.com/hungarianscamps/24204,enthusiasm,joy,8.0,0.0
3007,https://sportfunder.com/tanjabester/28285,organ,joy,3.0,0.0
3010,https://sportfunder.com/rijekatorpedoes/31051,exceed,joy,1.0,0.0
3011,https://sportfunder.com/deidra/31251,passion,joy,4.0,1.0
3016,https://sportfunder.com/saucefambasketballclub/30997,youth,joy,6.0,0.0
3022,https://sportfunder.com/bbcgrengewaldhueschtert/31118,youth,joy,5.0,0.0
3027,https://sportfunder.com/ebc/31003,youth,joy,2.0,3.0
3032,https://sportfunder.com/khloedefiesta/40391,passion,joy,10.0,0.0
3042,https://sportfunder.com/popwarnercentraltrojansvarsity/30653,organ,joy,4.0,0.0
3046,https://sportfunder.com/highdesertpumas/31356,desert,sadness,3.0,5.0
3054,https://sportfunder.com/rebelssoccer/30848,organ,joy,3.0,0.0
3057,https://sportfunder.com/tremenheeresportsacademy/30825,progress,joy,5.0,0.0
3062,https://sportfunder.com/naanaadusei/30944,success,joy,4.0,0.0
3066,https://sportfunder.com/leahbrockman/27540,hope,joy,4.0,1.0
3071,https://sportfunder.com/jorgemartinez/29353,journey,joy,3.0,0.0
3074,https://sportfunder.com/lewisgurupira/30657,star,joy,5.0,0.0
3079,https://sportfunder.com/mattomalley/27760,money,joy,4.0,3.0
3086,https://sportfunder.com/mcmasterdragonboat/5466,organ,joy,14.0,1.0
3101,https://sportfunder.com/shawntaunton/27804,hope,joy,14.0,4.0
3119,https://sportfunder.com/hamburgyounghuskies/28316,youth,joy,13.0,1.0
3133,https://sportfunder.com/smudance/21004,saint,joy,10.0,0.0
3143,https://sportfunder.com/youngindiasportsacademy/29881,organ,joy,5.0,0.0
3148,https://sportfunder.com/fieldhockeygroupguelph/27207,love,joy,8.0,0.0
3156,https://sportfunder.com/lucycenteno/29890,late,sadness,9.0,2.0
3167,https://sportfunder.com/greenvalleypirates/27780,green,joy,8.0,0.0
3175,https://sportfunder.com/bradprescott/29140,pay,joy,5.0,2.0
3182,https://sportfunder.com/greencastlegoldenknightsmensbasketball/30823,organ,joy,5.0,0.0
3187,https://sportfunder.com/aemstylidas/28008,organ,joy,5.0,0.0
3192,https://sportfunder.com/iraklisvolley/30951,found,joy,3.0,1.0
3196,https://sportfunder.com/granadacc/40222,special,joy,22.0,1.0
3219,https://sportfunder.com/spainyouthlax/28092,youth,joy,1.0,0.0
3220,https://sportfunder.com/greenbaypackers/25462,organ,joy,5.0,0.0
3225,https://sportfunder.com/christiannewman/27622,journey,joy,3.0,0.0
3228,https://sportfunder.com/gemmaf/29813,art,joy,12.0,5.0
3245,https://sportfunder.com/maartenvandekerckhove/30645,passion,joy,3.0,0.0
3248,https://sportfunder.com/adriandean/30907,passion,joy,4.0,0.0
3252,https://sportfunder.com/teambussolinosport/29618,passion,joy,18.0,0.0
3270,https://sportfunder.com/reubyn/27765,money,joy,2.0,0.0
3272,https://sportfunder.com/struck2022/27895,organ,joy,4.0,0.0
3276,https://sportfunder.com/tumisang/29871,passion,joy,7.0,3.0
3286,https://sportfunder.com/teamswedenallgirl/23756,love,joy,3.0,0.0
3289,https://sportfunder.com/racheldoyle/29077,journey,joy,3.0,0.0
3292,https://sportfunder.com/friscofurylacrosse/28618,enjoy,joy,7.0,0.0
3299,https://sportfunder.com/paulcisneros/28293,journey,joy,3.0,0.0
3302,https://sportfunder.com/alexcolpitts/3713,fun,joy,5.0,0.0
3307,https://sportfunder.com/alexcolpitts/9122,music,joy,9.0,5.0
3321,https://sportfunder.com/chrisgallop/21823,scholarship,joy,7.0,0.0
3328,https://sportfunder.com/alexcolpitts/24115,journey,joy,8.0,4.0
3340,https://sportfunder.com/newworldbball/27861,journey,joy,3.0,0.0
3343,https://sportfunder.com/westernville1892cf/31825,lose,sadness,8.0,2.0
3353,https://sportfunder.com/sheilajane/29354,journey,joy,3.0,0.0
3356,https://sportfunder.com/michaelarmstrong/28354,journey,joy,3.0,1.0
3360,https://sportfunder.com/micheleschiebel/31377,love,joy,1.0,0.0
3361,https://sportfunder.com/coltonhall/4094,love,joy,12.0,1.0
3374,https://sportfunder.com/alexandragagnon/4122,success,joy,1.0,0.0
3375,https://sportfunder.com/highplainsgymnastics/31014,organ,joy,3.0,0.0
3378,https://sportfunder.com/marylandfreedom/27849,freedom,joy,8.0,0.0
3386,https://sportfunder.com/katebouck/40377,passion,joy,3.0,0.0
3389,https://sportfunder.com/highaltitudetrainingofarizona/29623,organ,joy,2.0,0.0
3391,https://sportfunder.com/jeffreysduo/28295,youth,joy,7.0,0.0
3398,https://sportfunder.com/elitespikersvolleyballclub/31331,organ,joy,3.0,0.0
3401,https://sportfunder.com/lahcenoulhadj/28196,champion,joy,4.0,0.0
3405,https://sportfunder.com/liamteetzel/4842,fun,joy,13.0,0.0
3418,https://sportfunder.com/joebrown/24740,fall,sadness,1.0,1.0
3420,https://sportfunder.com/eugenelightning05/27745,enthusiast,joy,6.0,0.0
3426,https://sportfunder.com/carissaholinaty/24929,passion,joy,14.0,0.0
3440,https://sportfunder.com/legacycf/29908,organ,joy,3.0,0.0
3443,https://sportfunder.com/rebeccarichards/31369,passion,joy,2.0,0.0
3445,https://sportfunder.com/michaelknupfer/29540,excel,joy,4.0,2.0
3451,https://sportfunder.com/spectrumathletics/40325,jump,joy,5.0,0.0
3456,https://sportfunder.com/spectrumvolleyball/31869,fall,sadness,,1.0
3457,https://sportfunder.com/spectrumathletics/31891,cross,sadness,3.0,2.0
3462,https://sportfunder.com/spectrumathletics/40406,generous,joy,3.0,0.0
3465,https://sportfunder.com/spectrumathletics/40432,generous,joy,3.0,0.0
3468,https://sportfunder.com/spectrumathletics/31693,cross,sadness,5.0,1.0
3474,https://sportfunder.com/spectrumathletics/31256,cross,sadness,1.0,3.0
3478,https://sportfunder.com/spectrumathletics/40110,generous,joy,2.0,0.0
3480,https://sportfunder.com/immanuelchristianschoolgirlsbasketball/40240,organ,joy,3.0,0.0
3483,https://sportfunder.com/epolimpiafc/27499,organ,joy,4.0,0.0
3487,https://sportfunder.com/cheerleaders/29351,love,joy,4.0,0.0
3491,https://sportfunder.com/gridironsouthafrica/28015,youth,joy,4.0,0.0
3495,https://sportfunder.com/girlssportyeg/31521,organ,joy,28.0,2.0
3525,https://sportfunder.com/jordanlandry/4242,success,joy,9.0,0.0
3534,https://sportfunder.com/savannahdubien/8662,journey,joy,2.0,0.0
3536,https://sportfunder.com/zoecronin/26042,grant,joy,5.0,3.0
3544,https://sportfunder.com/edmontontsunamiwaterpoloclub/31208,progress,joy,1.0,0.0
3545,https://sportfunder.com/yochana/11422,success,joy,9.0,0.0
3554,https://sportfunder.com/alexcevallos/31816,passion,joy,3.0,0.0
3557,https://sportfunder.com/crankwrestling/25227,found,joy,11.0,1.0
3569,https://sportfunder.com/mrjjsmet/29911,passion,joy,4.0,0.0
3573,https://sportfunder.com/jekopemaiono/27205,pay,joy,1.0,0.0
3574,https://sportfunder.com/teammetalize/25017,grow,joy,4.0,0.0
3578,https://sportfunder.com/aymeric/29601,enthusiast,joy,6.0,0.0
3584,https://sportfunder.com/jcc/21292,eager,joy,9.0,0.0
3593,https://sportfunder.com/sequoyahmiddleschoolboysbasketball/29917,succeed,joy,7.0,0.0
3600,https://sportfunder.com/teamfinish/29136,shot,sadness,9.0,1.0
3610,https://sportfunder.com/dipologfutballacademy/26667,enthusiast,joy,7.0,0.0
3617,https://sportfunder.com/dfa-dipologfutballacademy/26670,enthusiast,joy,7.0,0.0
3624,https://sportfunder.com/alexverschaeren/31064,passion,joy,5.0,0.0
3629,https://sportfunder.com/alexverschaeren/40227,passion,joy,3.0,1.0
3633,https://sportfunder.com/ashatowasportsacademy/30943,organ,joy,4.0,0.0
3637,https://sportfunder.com/hordemma/28039,special,joy,2.0,0.0
3639,https://sportfunder.com/acscrossoverdeva/27715,special,joy,7.0,1.0
3647,https://sportfunder.com/desmoineslincolnboysbasketball/29320,success,joy,5.0,0.0
3652,https://sportfunder.com/mountrainierhighschoolfootballteam/25085,pay,joy,3.0,0.0
3655,https://sportfunder.com/iowachill/30937,proud,joy,5.0,0.0
3660,https://sportfunder.com/keirasnyman/28254,passion,joy,20.0,0.0
3680,https://sportfunder.com/tahnawilfley/28292,youth,joy,6.0,0.0
3686,https://sportfunder.com/rileyscrogham/28110,infant,joy,12.0,1.0
3699,https://sportfunder.com/denisondynamitesoccer/40108,special,joy,9.0,0.0
3708,https://sportfunder.com/sportiz/27934,journey,joy,3.0,0.0
3711,https://sportfunder.com/centervillelacrosse/26062,friend,joy,5.0,0.0
3716,https://sportfunder.com/d-towneagles/31467,youth,joy,13.0,0.0
3729,https://sportfunder.com/sandroacademy/23884,organ,joy,4.0,0.0
3733,https://sportfunder.com/frednowak/30960,love,joy,2.0,3.0
3738,https://sportfunder.com/czechcricket/29883,grow,joy,1.0,0.0
3739,https://sportfunder.com/silkrider/31163,safe,joy,2.0,0.0
3741,https://sportfunder.com/antoniochaparromontiel/29552,journey,joy,3.0,0.0
3744,https://sportfunder.com/lowkeyhoops/30972,passion,joy,6.0,0.0
3750,https://sportfunder.com/jenniferforsyth/28201,daughter,joy,6.0,2.0
3758,https://sportfunder.com/academiadefutbolthunder/31201,youth,joy,11.0,0.0
3769,https://sportfunder.com/legacysports/10098,grow,joy,4.0,0.0
3773,https://sportfunder.com/inlandempireemperors/31009,excel,joy,4.0,0.0
3777,https://sportfunder.com/ijkaireland/22611,passion,joy,1.0,1.0
3779,https://sportfunder.com/artesuavedk/21284,blue,sadness,7.0,3.0
3789,https://sportfunder.com/sarahchappelow/30926,success,joy,8.0,3.0
3800,https://sportfunder.com/madisonolson/31576,love,joy,3.0,0.0
3803,https://sportfunder.com/intactsportsmarketinggroup/29505,organ,joy,4.0,0.0
3807,https://sportfunder.com/coltonpony6uallstars/28022,organ,joy,3.0,0.0
3810,https://sportfunder.com/kaedecoltonashby/28265,score,joy,8.0,0.0
3818,https://sportfunder.com/brendanyakura/3393,blue,sadness,7.0,5.0
3830,https://sportfunder.com/avcc/1093,cheer,joy,16.0,0.0
3846,https://sportfunder.com/mikhilagemaat/8578,enjoy,joy,11.0,0.0
3857,https://sportfunder.com/claupavia/30834,passion,joy,5.0,0.0
3862,https://sportfunder.com/jackcotton/28198,passion,joy,11.0,0.0
3873,https://sportfunder.com/shahedkhan/29359,organ,joy,4.0,0.0
3877,https://sportfunder.com/matiascandia/40123,deport,sadness,2.0,2.0
3881,https://sportfunder.com/farrahcompetesinaustraliaandtheusa/27754,winner,joy,3.0,0.0
3884,https://sportfunder.com/ryanmiller/31191,passion,joy,3.0,0.0
3887,https://sportfunder.com/prasannadhamodharan/29400,journey,joy,3.0,1.0
3891,https://sportfunder.com/nivethajessica/29600,journey,joy,3.0,0.0
3894,https://sportfunder.com/mcdo/29411,journey,joy,3.0,0.0
3897,https://sportfunder.com/upeisynchronizedswimming/778,swim,joy,4.0,0.0
3901,https://sportfunder.com/upeiswimming/798,swim,joy,4.0,0.0
3905,https://sportfunder.com/upeiswimming/9070,swim,joy,5.0,0.0
3910,https://sportfunder.com/kenbiddle/29592,weight,joy,7.0,1.0
3918,https://sportfunder.com/kowarrior/28073,journey,joy,4.0,0.0
3922,https://sportfunder.com/maxmiller/31860,success,joy,3.0,0.0
3925,https://sportfunder.com/crusadersfa/25592,fall,sadness,6.0,2.0
3933,https://sportfunder.com/canibarugby/27756,organ,joy,2.0,1.0
3936,https://sportfunder.com/asociaciondecanotajededistritocapital/23611,organ,joy,4.0,0.0
3940,https://sportfunder.com/garethmo/28355,journey,joy,3.0,0.0
3943,https://sportfunder.com/kira/31822,passion,joy,4.0,1.0
3948,https://sportfunder.com/ayrtonterrazas/40375,passion,joy,3.0,0.0
3951,https://sportfunder.com/mountedgamesassociation/22649,gain,joy,4.0,0.0
3955,https://sportfunder.com/southafricanrugbyleague/27777,journey,joy,3.0,0.0
3958,https://sportfunder.com/kierancourt/28020,money,joy,6.0,0.0
3964,https://sportfunder.com/kyleflanagan/29445,champion,joy,2.0,0.0
3966,https://sportfunder.com/charlesvandervindt/29929,passion,joy,1.0,0.0
3967,https://sportfunder.com/kccommunitysportsdevelopmentclub/31052,passion,joy,3.0,0.0
3970,https://sportfunder.com/chiaravorster/31497,loss,sadness,2.0,1.0
3973,https://sportfunder.com/robin/27784,pay,joy,3.0,0.0
3976,https://sportfunder.com/ambie/28370,swim,joy,3.0,2.0
3981,https://sportfunder.com/hanscoetzee/29289,succeed,joy,1.0,0.0
3982,https://sportfunder.com/lazolasobende/29856,passion,joy,3.0,0.0
3985,https://sportfunder.com/fastandfemale/4418,friend,joy,2.0,0.0
3987,https://sportfunder.com/albertaworldcupacademy/6026,organ,joy,10.0,0.0
3997,https://sportfunder.com/juniorwaterskicanada/15813,excel,joy,9.0,2.0
4008,https://sportfunder.com/sambocanada/818,friend,joy,4.0,0.0
4012,https://sportfunder.com/canadabeermileteam/22396,beer,joy,10.0,1.0
4023,https://sportfunder.com/canada4rio/24420,lose,sadness,2.0,1.0
4026,https://sportfunder.com/lauraschulz/28206,childhood,joy,8.0,4.0
4038,https://sportfunder.com/camagueybaseballclub/27915,organ,joy,3.0,0.0
4041,https://sportfunder.com/suelgaming/31096,money,joy,3.0,0.0
4044,https://sportfunder.com/sportingclubcalifornia2020/31464,success,joy,4.0,0.0
4048,https://sportfunder.com/teammileswka/2609,true,joy,5.0,0.0
4053,https://sportfunder.com/adamthomson/4650,love,joy,4.0,1.0
4058,https://sportfunder.com/adamthomson/19821,fell,sadness,9.0,2.0
4069,https://sportfunder.com/teammileswka/25062,loss,sadness,8.0,2.0
4079,https://sportfunder.com/dinosrowamillionmeters/30990,hope,joy,3.0,0.0
4082,https://sportfunder.com/dinosrowing/27595,fall,sadness,2.0,1.0
4085,https://sportfunder.com/teammiles/2605,gain,joy,11.0,0.0
4096,https://sportfunder.com/ippondojo/18377,hope,joy,1.0,0.0
4097,https://sportfunder.com/craignadeau/31109,fall,sadness,2.0,2.0
4101,https://sportfunder.com/lionsyouthsports/27758,youth,joy,9.0,0.0
4110,https://sportfunder.com/maliariordan/31111,passion,joy,8.0,2.0
4120,https://sportfunder.com/burlingtonhsboystrackandfield/26077,art,joy,11.0,6.0
4137,https://sportfunder.com/pacificnwselects/40281,organ,joy,4.0,0.0
4141,https://sportfunder.com/tubatseringballclub/29905,organ,joy,3.0,0.0
4144,https://sportfunder.com/iarom/40482,journey,joy,9.0,0.0
4153,https://sportfunder.com/argentinewomenscricketteam/31456,dire,sadness,3.0,1.0
4157,https://sportfunder.com/valherjes/30840,powerful,joy,4.0,0.0
4161,https://sportfunder.com/balazszsamboki/28112,true,joy,5.0,0.0
4166,https://sportfunder.com/budapestreds/30835,organ,joy,7.0,3.0
4176,https://sportfunder.com/ungermatics/15401,champion,joy,9.0,1.0
4186,https://sportfunder.com/kanyonraft/22024,champion,joy,1.0,0.0
4187,https://sportfunder.com/saramihalik/27213,champion,joy,13.0,2.0
4202,https://sportfunder.com/alexandrugheorghe/28349,journey,joy,3.0,0.0
4205,https://sportfunder.com/leobaeten/31119,art,joy,3.0,1.0
4209,https://sportfunder.com/brooklinehighschoolrugby/40255,comfort,joy,1.0,0.0
4210,https://sportfunder.com/ubcultimate/1433,success,joy,1.0,0.0
4211,https://sportfunder.com/josh/31355,passion,joy,5.0,1.0
4217,https://sportfunder.com/josh/31170,champion,joy,6.0,0.0
4223,https://sportfunder.com/josh/31560,passion,joy,6.0,0.0
4229,https://sportfunder.com/michelemullen/29389,scholarship,joy,10.0,0.0
4239,https://sportfunder.com/miroslavaargalasova/31550,luck,joy,14.0,3.0
4256,https://sportfunder.com/gila/28032,journey,joy,3.0,0.0
4259,https://sportfunder.com/bradfordcrosscountrytrackandfield/40570,cross,sadness,4.0,5.0
4268,https://sportfunder.com/vincentbonacci/31312,love,joy,2.0,0.0
4270,https://sportfunder.com/nicolastoro/29095,beautiful,joy,7.0,1.0
4278,https://sportfunder.com/lorentinapasaribu/31172,passion,joy,3.0,0.0
4281,https://sportfunder.com/alabamastriders/31520,organ,joy,4.0,0.0
4285,https://sportfunder.com/conestogagirlsbasketball/31258,enjoy,joy,9.0,2.0
4296,https://sportfunder.com/conestogagirlsbasketball/40218,organ,joy,5.0,0.0
4301,https://sportfunder.com/whitedevils/31362,devil,sadness,1.0,1.0
4303,https://sportfunder.com/sydneykoevoet/4866,passion,joy,6.0,1.0
4310,https://sportfunder.com/graficarrowingclub/25632,organ,joy,4.0,1.0
4315,https://sportfunder.com/nolanhuysmans/29153,champion,joy,6.0,0.0
4321,https://sportfunder.com/dashaadjohnson/31579,passion,joy,3.0,0.0
4324,https://sportfunder.com/andrea/28137,daughter,joy,8.0,2.0
4334,https://sportfunder.com/stevematias/21628,weight,joy,3.0,1.0
4338,https://sportfunder.com/taylorharris/29290,journey,joy,3.0,0.0
4341,https://sportfunder.com/libertysoftball/31906,success,joy,4.0,0.0
4345,https://sportfunder.com/unionathletic/40130,excel,joy,2.0,0.0
4347,https://sportfunder.com/cikititeam/23714,beach,joy,5.0,0.0
4352,https://sportfunder.com/sebastianquintana/29896,beach,joy,13.0,2.0
4367,https://sportfunder.com/ossosinef/31366,grow,joy,2.0,2.0
4371,https://sportfunder.com/debasishmajhi/30921,reject,sadness,11.0,5.0
4387,https://sportfunder.com/combinedschoolsbarbados/25828,hope,joy,3.0,4.0
4394,https://sportfunder.com/rajdeepsingh/29564,friend,joy,6.0,0.0
4400,https://sportfunder.com/ashahpayson/8810,fell,sadness,5.0,2.0
4407,https://sportfunder.com/sannymalik/29570,journey,joy,3.0,0.0
4410,https://sportfunder.com/martinpasternak/30911,passion,joy,2.0,0.0
4412,https://sportfunder.com/thekidkeeper/29443,hope,joy,6.0,1.0
4419,https://sportfunder.com/minicheerleadr/30920,passion,joy,3.0,0.0
4422,https://sportfunder.com/rtuifhfh/27680,danger,sadness,3.0,3.0
4428,https://sportfunder.com/rtuifhfh/27681,danger,sadness,3.0,3.0
4434,https://sportfunder.com/watchjeffhornvsgarycorcoranlivestream/27682,danger,sadness,3.0,3.0
4440,https://sportfunder.com/navarrogirlssoccer/29850,tough,sadness,1.0,1.0
4442,https://sportfunder.com/vistapeaksoccer/26160,love,joy,4.0,0.0
4446,https://sportfunder.com/a-coroyals/27919,friend,joy,7.0,0.0
4453,https://sportfunder.com/mackenzie/30993,passion,joy,3.0,0.0
4456,https://sportfunder.com/nualaedmundson/30958,passion,joy,1.0,0.0
4457,https://sportfunder.com/eronileilua/31046,friend,joy,3.0,0.0
4460,https://sportfunder.com/meikevoigt/31085,passion,joy,2.0,1.0
4463,https://sportfunder.com/codybeehre/29368,love,joy,7.0,0.0
4470,https://sportfunder.com/cristinacasares/31153,passion,joy,5.0,0.0
4475,https://sportfunder.com/howickpremiermenssoftballteam/27495,success,joy,5.0,0.0
4480,https://sportfunder.com/charlottemunro/27885,gain,joy,4.0,0.0
4484,https://sportfunder.com/mercedes/28314,champion,joy,14.0,3.0
4501,https://sportfunder.com/hikoirangi/28690,journey,joy,3.0,0.0
4504,https://sportfunder.com/camrynbirley/29134,love,joy,1.0,0.0
4505,https://sportfunder.com/danielle_/29349,journey,joy,3.0,0.0
4508,https://sportfunder.com/amandagilfedder/29898,passion,joy,3.0,0.0
4511,https://sportfunder.com/acsharksuhockeyteam/31231,success,joy,2.0,0.0
4513,https://sportfunder.com/jaymay/40369,passion,joy,10.0,1.0
4524,https://sportfunder.com/seaverking/31255,hope,joy,2.0,2.0
4528,https://sportfunder.com/jockeyclubhockeyparaguay/27565,medal,joy,5.0,0.0
4533,https://sportfunder.com/oliviahennon/30864,journey,joy,8.0,0.0
4541,https://sportfunder.com/venumvolleyballaruba/29863,passion,joy,4.0,0.0
4545,https://sportfunder.com/fcbarcroft/31571,lose,sadness,10.0,1.0
4556,https://sportfunder.com/davidzandman/27875,organ,joy,6.0,1.0
4563,https://sportfunder.com/envigadofootballclub/24910,youth,joy,9.0,2.0
4574,https://sportfunder.com/annandalehighschooldanceteam/31798,generous,joy,3.0,0.0
4577,https://sportfunder.com/basparinussa/30875,mother,joy,5.0,4.0
4586,https://sportfunder.com/femaleathletesbeyond/40327,friend,joy,6.0,0.0
4592,https://sportfunder.com/newsportstechnology/28024,perfect,joy,4.0,0.0
4596,https://sportfunder.com/haralduringolfsson/31108,passion,joy,3.0,0.0
4599,https://sportfunder.com/justinmceachern/5778,friend,joy,6.0,0.0
4605,https://sportfunder.com/ajayioluwafemi/31314,organ,joy,4.0,0.0
4609,https://sportfunder.com/armagiofrondarina/30942,passion,joy,3.0,0.0
4612,https://sportfunder.com/na/30947,friend,joy,5.0,1.0
4618,https://sportfunder.com/centa14sports/27747,entertain,joy,4.0,0.0
4622,https://sportfunder.com/phormanfootballschool/30869,organ,joy,4.0,0.0
4626,https://sportfunder.com/coledunlavy/30906,passion,joy,3.0,0.0
4629,https://sportfunder.com/connorslooyer/5062,success,joy,6.0,3.0
4638,https://sportfunder.com/brandongslooyer/5078,passion,joy,7.0,1.0
4646,https://sportfunder.com/azores-kartingchampionship/27814,grow,joy,2.0,0.0
4648,https://sportfunder.com/miljohnmaxlin/27486,youth,joy,4.0,0.0
4652,https://sportfunder.com/ulyanabatashova/29533,champion,joy,3.0,0.0
4655,https://sportfunder.com/lera/29384,journey,joy,3.0,0.0
4658,https://sportfunder.com/anatoly/25148,true,joy,3.0,1.0
4662,https://sportfunder.com/larisa/27877,mother,joy,7.0,1.0
4670,https://sportfunder.com/ivanpeklin/28675,champion,joy,3.0,0.0
4673,https://sportfunder.com/mixfightzt/29571,organ,joy,8.0,2.0
4683,https://sportfunder.com/mayathebee/40314,fell,sadness,14.0,4.0
4701,https://sportfunder.com/americanfootballteamhawks/28207,champion,joy,5.0,0.0
4706,https://sportfunder.com/danilonesic93/29872,passion,joy,3.0,0.0
4709,https://sportfunder.com/saidnajafzade/29615,medal,joy,2.0,0.0
4711,https://sportfunder.com/rugbyclubcrimeanpirates/24986,lose,sadness,17.0,2.0
4730,https://sportfunder.com/sportwaytv/21673,star,joy,3.0,2.0
4735,https://sportfunder.com/sofiiakovalchuk/29858,passion,joy,3.0,0.0
4738,https://sportfunder.com/mcgillrowing/7,fall,sadness,4.0,6.0
4748,https://sportfunder.com/samgreer/7890,organ,joy,4.0,0.0
4752,https://sportfunder.com/mcgilltennis/52,share,joy,8.0,1.0
4761,https://sportfunder.com/davidaskwith/7878,organ,joy,4.0,0.0
4765,https://sportfunder.com/alaynascramstad/9038,enjoy,joy,2.0,0.0
4767,https://sportfunder.com/ryleestone/8554,found,joy,3.0,1.0
4771,https://sportfunder.com/jordanboles/40571,scholarship,joy,2.0,0.0
4773,https://sportfunder.com/savaantic/5046,passion,joy,11.0,0.0
4784,https://sportfunder.com/hamletmunoz/5090,weight,joy,2.0,1.0
4787,https://sportfunder.com/benwilkinsonzan/7870,organ,joy,4.0,0.0
4791,https://sportfunder.com/jennjackson/7886,organ,joy,4.0,0.0
4795,https://sportfunder.com/juliansmith/8046,organ,joy,4.0,0.0
4799,https://sportfunder.com/alannahmaclean/7862,organ,joy,4.0,0.0
4803,https://sportfunder.com/nationaldevelopmentcentrethunderbay/7758,organ,joy,4.0,0.0
4807,https://sportfunder.com/evanpalmercharette/7882,organ,joy,4.0,0.0
4811,https://sportfunder.com/quebecwrestlingacademy/3037,friend,joy,14.0,1.0
4826,https://sportfunder.com/nationaldevelopmentcentrethunderbay/18549,cross,sadness,6.0,2.0
4834,https://sportfunder.com/andyshields/7866,organ,joy,4.0,0.0
4838,https://sportfunder.com/shadyenahas/114,champion,joy,2.0,0.0
4840,https://sportfunder.com/augustandmegansibthorpe/8194,pride,joy,1.0,0.0
4841,https://sportfunder.com/mackenziestabler/31138,share,joy,9.0,1.0
4851,https://sportfunder.com/synchronlcanadagamesteam/9370,love,joy,3.0,0.0
4854,https://sportfunder.com/braxtonclark/4966,money,joy,2.0,0.0
4856,https://sportfunder.com/kristenyawney/5050,love,joy,4.0,0.0
4860,https://sportfunder.com/kelseymckinnon/8658,love,joy,1.0,0.0
4861,https://sportfunder.com/martialartsdevelopment/6374,art,joy,11.0,4.0
4876,https://sportfunder.com/b9baseball/29513,bottom,sadness,2.0,4.0
4882,https://sportfunder.com/bradlanglois/172,true,joy,1.0,0.0
4883,https://sportfunder.com/leogoldberg/5070,accomplish,joy,3.0,0.0
4886,https://sportfunder.com/montrealkaitas/6270,save,joy,2.0,0.0
4888,https://sportfunder.com/teamcanadauniversityworldchampswomensfourw/9734,complement,joy,3.0,0.0
4891,https://sportfunder.com/fitcitie/23054,reward,joy,7.0,2.0
4900,https://sportfunder.com/gdrmikaelense/23684,pay,joy,1.0,0.0
4901,https://sportfunder.com/pinelandstrackandfield/23685,organ,joy,5.0,0.0
4906,https://sportfunder.com/fcleyendafootballclub/27576,star,joy,5.0,0.0
4911,https://sportfunder.com/kasungumaplotfootballacademy/28040,organ,joy,5.0,0.0
4916,https://sportfunder.com/alarzclub/28247,passion,joy,11.0,0.0
4927,https://sportfunder.com/cheyannetorrington/28330,angel,joy,6.0,0.0
4933,https://sportfunder.com/jesseverto/28686,tough,sadness,,1.0
4934,https://sportfunder.com/shandreotto/29124,swim,joy,9.0,0.0
4943,https://sportfunder.com/bromollamonsters/29554,tough,sadness,8.0,1.0
4952,https://sportfunder.com/caseneedham/30927,passion,joy,4.0,0.0
4956,https://sportfunder.com/brooklynknight/30955,true,joy,1.0,0.0
4957,https://sportfunder.com/bcdc/31145,money,joy,2.0,1.0
4960,https://sportfunder.com/chanakyaks/31195,passion,joy,3.0,0.0
4963,https://sportfunder.com/clubtriplee/31230,organ,joy,4.0,0.0
