Unnamed: 0,CampaignURL,word,sentiment2,positive,negative
1,https://sportfunder.com/tjslaviatuzvolen/28678,top,positive,7.0,2.0
10,https://sportfunder.com/danielvassalladams/25809,top,positive,9.0,4.0
23,https://sportfunder.com/seanamini/29524,player,negative,16.0,4.0
43,https://sportfunder.com/sambofederationofarmenia/28323,top,positive,8.0,2.0
53,https://sportfunder.com/bobthompson/12274,level,positive,24.0,10.0
87,https://sportfunder.com/jovontesuber/31804,passion,positive,6.0,0.0
93,https://sportfunder.com/usadeafwrestlingorganization/23697,medal,positive,8.0,0.0
101,https://sportfunder.com/usadeafwrestlingorganization/25617,focus,positive,6.0,0.0
107,https://sportfunder.com/acadiauniversitycheerleading/2393,leukemia,negative,5.0,2.0
114,https://sportfunder.com/acadiauniversitycheerleading/8246,meltdown,negative,3.0,1.0
118,https://sportfunder.com/acadiaaxetremecheerleading/23677,cheer,positive,7.0,0.0
125,https://sportfunder.com/winnipeggeneralstrike/2193,decent,positive,22.0,11.0
158,https://sportfunder.com/teamgunnlaugson/25493,curl,positive,20.0,2.0
180,https://sportfunder.com/integritycheereliteiceallstars/15641,star,positive,8.0,2.0
190,https://sportfunder.com/paradiseracing/4434,journey,positive,11.0,2.0
203,https://sportfunder.com/morgyncook/40367,passion,positive,9.0,2.0
214,https://sportfunder.com/dawsonblues/13541,succeed,positive,10.0,1.0
225,https://sportfunder.com/academicartshighschool/31146,art,positive,10.0,0.0
235,https://sportfunder.com/robmcdougall/27770,passion,positive,60.0,10.0
305,https://sportfunder.com/anthonypietersz/29528,wicket,positive,14.0,2.0
321,https://sportfunder.com/wellingtonwolvesflagfootballteam/31183,grow,positive,7.0,1.0
329,https://sportfunder.com/donaldbrown/31536,passion,positive,6.0,1.0
336,https://sportfunder.com/wallaseywolves/29346,contact,positive,2.0,0.0
338,https://sportfunder.com/keyarawardley/8762,august,positive,9.0,3.0
350,https://sportfunder.com/ironrangestrikersfc/31161,iron,positive,16.0,4.0
370,https://sportfunder.com/uvicsynchro/889,swim,positive,15.0,2.0
387,https://sportfunder.com/teamvicaustralianfootball/27492,main,positive,9.0,1.0
397,https://sportfunder.com/lindsayandpatricia/17273,august,positive,18.0,4.0
419,https://sportfunder.com/teamvicrugby/27490,top,positive,10.0,3.0
432,https://sportfunder.com/teamvicvolleyball/27491,top,positive,10.0,3.0
445,https://sportfunder.com/joeyniezen/937,swim,positive,15.0,2.0
462,https://sportfunder.com/daveford/26608,dear,positive,11.0,1.0
474,https://sportfunder.com/kayakteam-canottieriquerinivenezia/29817,youth,positive,13.0,4.0
491,https://sportfunder.com/fdx/29162,hope,positive,3.0,0.0
494,https://sportfunder.com/sergiyter/28004,swim,positive,20.0,1.0
515,https://sportfunder.com/sedibengu15/29566,teach,positive,6.0,2.0
523,https://sportfunder.com/ubcsynchro/957,swim,positive,23.0,2.0
548,https://sportfunder.com/ubcsynchro/15229,gold,positive,13.0,0.0
561,https://sportfunder.com/christinewonggolf/29414,journey,positive,7.0,3.0
571,https://sportfunder.com/uofamininggames/30996,lost,negative,3.0,2.0
576,https://sportfunder.com/uofamininggames/40216,top,positive,9.0,6.0
591,https://sportfunder.com/vikasshukla/28337,lover,positive,2.0,2.0
595,https://sportfunder.com/stevenpritchard/31217,passion,positive,8.0,0.0
603,https://sportfunder.com/sebastiaanroell/30890,die,negative,4.0,3.0
610,https://sportfunder.com/urbanahighschoolcheerleading/29854,top,positive,7.0,2.0
619,https://sportfunder.com/howelluniteddiamonds/28125,diamond,positive,13.0,3.0
635,https://sportfunder.com/nlapro/31921,profession,positive,50.0,18.0
703,https://sportfunder.com/dangerzonewrestling/23696,main,positive,9.0,1.0
713,https://sportfunder.com/teambrokenworld/25269,broken,negative,16.0,7.0
736,https://sportfunder.com/lehighvalleyhunters/29919,hunter,negative,4.0,1.0
741,https://sportfunder.com/amakirikelvin/30828,passion,positive,4.0,0.0
745,https://sportfunder.com/jamesogle-16thwkc/3169,level,positive,3.0,0.0
748,https://sportfunder.com/seanstarr/21215,captain,positive,11.0,2.0
761,https://sportfunder.com/lucywarne/28012,warn,negative,17.0,2.0
780,https://sportfunder.com/go-2-pro/28136,passion,positive,19.0,14.0
813,https://sportfunder.com/princetonakpojaro/30654,passion,positive,50.0,4.0
867,https://sportfunder.com/greatpotentialltd/29412,top,positive,9.0,3.0
879,https://sportfunder.com/bmg/28193,join,positive,21.0,1.0
901,https://sportfunder.com/pmdadila/31088,passion,positive,7.0,0.0
908,https://sportfunder.com/cookstownmugendo/10774,govern,positive,3.0,1.0
912,https://sportfunder.com/tychyfalcons/28674,spent,negative,49.0,14.0
975,https://sportfunder.com/warao/27558,top,positive,11.0,5.0
991,https://sportfunder.com/tepaunitedfc/29857,premier,positive,11.0,4.0
1006,https://sportfunder.com/duffielddevilsmn/25363,devil,negative,4.0,6.0
1016,https://sportfunder.com/matthewmackillop/2497,fight,negative,5.0,4.0
1025,https://sportfunder.com/noelhussey/24928,weight,negative,18.0,8.0
1051,https://sportfunder.com/synchrocanadajuniornationalteam/23649,top,positive,18.0,3.0
1072,https://sportfunder.com/muaythaiontario/24381,gold,positive,50.0,7.0
1129,https://sportfunder.com/philiposei/11110,success,positive,18.0,6.0
1153,https://sportfunder.com/southsidemuaythaiacademy/21710,focus,positive,28.0,6.0
1187,https://sportfunder.com/canadianjuniorindoorskydivingteam/25616,top,positive,5.0,3.0
1195,https://sportfunder.com/torontopickleball/31097,enthusiast,positive,9.0,0.0
1204,https://sportfunder.com/ryersonuniversitycheerleading/849,perfect,positive,7.0,0.0
1211,https://sportfunder.com/a4a/24432,talent,positive,1.0,0.0
1212,https://sportfunder.com/patriciabezzoubenko/24753,gymnast,positive,14.0,1.0
1227,https://sportfunder.com/sara/27593,love,positive,16.0,1.0
1244,https://sportfunder.com/falconscc/27776,youth,positive,13.0,5.0
1262,https://sportfunder.com/runtheworld2019/28185,margin,negative,22.0,23.0
1307,https://sportfunder.com/tocc/31228,ahead,positive,11.0,1.0
1319,https://sportfunder.com/mhlumepeacemakersfc/29885,premier,positive,20.0,3.0
1342,https://sportfunder.com/reaganashley/27561,progress,positive,17.0,1.0
1360,https://sportfunder.com/willlyall/27562,hope,positive,1.0,0.0
1361,https://sportfunder.com/scotthill/7894,develop,positive,18.0,6.0
1385,https://sportfunder.com/hopeduncan/22629,pay,positive,3.0,2.0
1390,https://sportfunder.com/isabelabalatka/30859,offer,positive,25.0,6.0
1421,https://sportfunder.com/connorshackelofrd/29916,passion,positive,4.0,1.0
1426,https://sportfunder.com/levetasmith/30982,top,positive,7.0,2.0
1435,https://sportfunder.com/carolinecomperatore_/40124,passion,positive,10.0,0.0
1445,https://sportfunder.com/teamttc/22231,main,positive,22.0,18.0
1485,https://sportfunder.com/taylorsvillescoutfootballteam/28149,earn,positive,16.0,4.0
1505,https://sportfunder.com/olympicfckenya/31373,top,positive,9.0,3.0
1517,https://sportfunder.com/samsmith/22610,row,negative,17.0,14.0
1548,https://sportfunder.com/sharellemarching/27889,hope,positive,2.0,1.0
1551,https://sportfunder.com/newplymouthtaekwondohapkidoclub/28210,money,positive,6.0,2.0
1559,https://sportfunder.com/subhan/170,dear,positive,6.0,1.0
1566,https://sportfunder.com/subhan/23883,special,positive,9.0,0.0
1575,https://sportfunder.com/usfwomensclubsoccer/28179,fall,negative,14.0,2.0
1591,https://sportfunder.com/usfwomensclubsoccer/31077,success,positive,1.0,0.0
1592,https://sportfunder.com/usfwomensclubsoccer/29895,fall,negative,3.0,1.0
1596,https://sportfunder.com/sickleshighschoolfootball/25934,top,positive,12.0,3.0
1611,https://sportfunder.com/lorelaihunt/31907,passion,positive,4.0,0.0
1615,https://sportfunder.com/silvaselect/40453,top,positive,10.0,4.0
1629,https://sportfunder.com/fernandosaldana/40531,champion,positive,17.0,4.0
1650,https://sportfunder.com/sydneyunihandballclub/40516,champion,positive,17.0,4.0
1671,https://sportfunder.com/sydneyunihandballclub/29573,champion,positive,13.0,4.0
1688,https://sportfunder.com/balmaintigersafl/27549,proud,positive,15.0,2.0
1705,https://sportfunder.com/joehall/28141,hope,positive,9.0,2.0
1716,https://sportfunder.com/teamswedencoed/23232,journey,positive,4.0,0.0
1720,https://sportfunder.com/thereseblennert/29535,score,positive,11.0,1.0
1732,https://sportfunder.com/georgestamour/5142,amour,positive,13.0,0.0
1745,https://sportfunder.com/bamasterssoccerassociationofvancouver/28051,master,positive,8.0,1.0
1754,https://sportfunder.com/ihtkesw/30949,player,negative,7.0,2.0
1763,https://sportfunder.com/samuvolotinen/30881,legal,positive,1.0,0.0
1764,https://sportfunder.com/christownsend/3661,fight,negative,16.0,5.0
1785,https://sportfunder.com/alessandrafattore/28113,passion,positive,14.0,1.0
1800,https://sportfunder.com/trihighbasketball/29444,excel,positive,5.0,0.0
1805,https://sportfunder.com/nordiccapitaljudochallenge/21124,money,positive,5.0,0.0
1810,https://sportfunder.com/hannakarlsson/29526,august,positive,15.0,6.0
1831,https://sportfunder.com/steinbachsynchro/1233,talent,positive,3.0,0.0
1834,https://sportfunder.com/georgiablaikie/40267,fun,positive,9.0,1.0
1844,https://sportfunder.com/intensity/14389,coast,positive,4.0,0.0
1848,https://sportfunder.com/alexandrakanioros/29849,cancel,negative,1.0,1.0
1850,https://sportfunder.com/neptunesynchro/17729,march,positive,19.0,4.0
1873,https://sportfunder.com/benton/29869,passion,positive,4.0,0.0
1877,https://sportfunder.com/taylorhendricks/27742,champion,positive,9.0,1.0
1887,https://sportfunder.com/gselvakumar/31113,passion,positive,4.0,0.0
1891,https://sportfunder.com/sfstealthlax/31182,fall,negative,8.0,6.0
1905,https://sportfunder.com/vincerezeng/27548,gear,positive,3.0,0.0
1908,https://sportfunder.com/shinnstonsoccer/27201,develop,positive,14.0,0.0
1922,https://sportfunder.com/nicholeshaferherring/27726,player,negative,7.0,3.0
1932,https://sportfunder.com/matteosubet/27773,level,positive,5.0,2.0
1939,https://sportfunder.com/krisfund/28205,main,positive,9.0,1.0
1949,https://sportfunder.com/cheekathletics/29154,chase,negative,7.0,3.0
1959,https://sportfunder.com/marioudvardi/27480,journey,positive,7.0,2.0
1968,https://sportfunder.com/stephaniedyck/1293,money,positive,9.0,3.0
1980,https://sportfunder.com/sarniaolympictaekwondo/24272,talent,positive,15.0,1.0
1996,https://sportfunder.com/ianmorgan/28315,partner,positive,7.0,2.0
2005,https://sportfunder.com/leopardodelasnieves/28364,accomplish,positive,5.0,0.0
2010,https://sportfunder.com/lgdm/25762,august,positive,18.0,3.0
2031,https://sportfunder.com/sophie/27941,pick,positive,4.0,0.0
2035,https://sportfunder.com/elsot-acmteam/25533,top,positive,8.0,3.0
2046,https://sportfunder.com/cvassassins_/40382,assassin,negative,5.0,3.0
2054,https://sportfunder.com/afcsouthbay/40385,premier,positive,10.0,4.0
2068,https://sportfunder.com/juanpablodibangiacoman/31092,passion,positive,4.0,0.0
2072,https://sportfunder.com/davidmussad/26145,profession,positive,21.0,7.0
2100,https://sportfunder.com/georgiantennis/27594,dear,positive,7.0,1.0
2108,https://sportfunder.com/maximustufugafale/31144,passion,positive,15.0,9.0
2132,https://sportfunder.com/scoutsoccer/29410,talent,positive,6.0,1.0
2139,https://sportfunder.com/pridecheer/30967,pride,positive,8.0,0.0
2147,https://sportfunder.com/patrick/19621,share,positive,6.0,1.0
2154,https://sportfunder.com/betancourt/28064,money,positive,25.0,4.0
2183,https://sportfunder.com/teamforca/21845,classic,positive,16.0,7.0
2206,https://sportfunder.com/___/28311,player,negative,12.0,3.0
2221,https://sportfunder.com/tomgandy/30879,proud,positive,13.0,3.0
2237,https://sportfunder.com/bucharestathleticsassociation/29537,environ,positive,12.0,1.0
2250,https://sportfunder.com/anupvyas/29415,passion,positive,6.0,0.0
2256,https://sportfunder.com/cwp/23784,classic,positive,10.0,2.0
2268,https://sportfunder.com/richmondislanders05b/30873,player,negative,2.0,1.0
2271,https://sportfunder.com/richmondsoul/31830,top,positive,7.0,3.0
2281,https://sportfunder.com/readingbrazilianjiujitsu/19997,belt,negative,4.0,1.0
2286,https://sportfunder.com/dnaracingteam/29530,top,positive,8.0,3.0
2297,https://sportfunder.com/khiladis/30936,fall,negative,4.0,3.0
2304,https://sportfunder.com/koracooper/28074,main,positive,8.0,2.0
2314,https://sportfunder.com/centralohioflamessoftball/29315,row,negative,1.0,4.0
2319,https://sportfunder.com/upstreetdanceclub/25353,honor,positive,16.0,3.0
2338,https://sportfunder.com/lmnphilippines/25734,job,positive,15.0,1.0
2354,https://sportfunder.com/trysportsph/27740,teach,positive,17.0,2.0
2373,https://sportfunder.com/barbora/31323,love,positive,3.0,2.0
2378,https://sportfunder.com/rougeetorvolleyballmasculin/6110,feat,positive,5.0,1.0
2384,https://sportfunder.com/teamcanadadance/10482,ballet,positive,15.0,3.0
2402,https://sportfunder.com/slclions/23244,renown,positive,12.0,3.0
2417,https://sportfunder.com/aamir/28313,main,positive,9.0,1.0
2427,https://sportfunder.com/parvandhkrishnan/31140,passion,positive,4.0,0.0
2431,https://sportfunder.com/brunou14girls/28059,youth,positive,5.0,2.0
2438,https://sportfunder.com/princetonbasketballclub/25922,grow,positive,8.0,1.0
2447,https://sportfunder.com/pgjudoclub/20757,top,positive,7.0,0.0
2454,https://sportfunder.com/pgjudoclub/5122,extra,positive,4.0,0.0
2458,https://sportfunder.com/judopei/23753,top,positive,8.0,4.0
2470,https://sportfunder.com/tsg/22993,gymnast,positive,21.0,3.0
2494,https://sportfunder.com/2runners/10014,money,positive,7.0,1.0
2502,https://sportfunder.com/avagault/31008,passion,positive,4.0,0.0
2506,https://sportfunder.com/jenniferumberger/40261,love,positive,7.0,0.0
2513,https://sportfunder.com/schuylkillymcagymnastics/40136,gymnast,positive,14.0,3.0
2530,https://sportfunder.com/charliegran/27896,lesson,positive,5.0,2.0
2537,https://sportfunder.com/avaedmonds/30870,thrill,positive,6.0,0.0
2543,https://sportfunder.com/pccathleticevents/29865,top,positive,12.0,2.0
2557,https://sportfunder.com/alexgolfs/30913,passion,positive,4.0,0.0
2561,https://sportfunder.com/banzaivolley-ballclub/31555,offer,positive,26.0,8.0
2595,https://sportfunder.com/natalieholsapple/31212,passion,positive,4.0,0.0
2599,https://sportfunder.com/laviniaoli/28060,build,positive,6.0,2.0
2607,https://sportfunder.com/rickgarcia/28197,director,positive,31.0,8.0
2646,https://sportfunder.com/zea-dinejanuarie/29620,player,negative,4.0,2.0
2652,https://sportfunder.com/ivamam/30977,love,positive,18.0,3.0
2673,https://sportfunder.com/szymonjablkowski/29150,progress,positive,24.0,1.0
2698,https://sportfunder.com/matteopatacca/30852,passion,positive,4.0,0.0
2702,https://sportfunder.com/sisonkeelitefootballproject/29629,top,positive,7.0,1.0
2710,https://sportfunder.com/kcvavolleyball15red/29144,expect,positive,5.0,0.0
2715,https://sportfunder.com/hockeng/30862,passion,positive,6.0,1.0
2722,https://sportfunder.com/adaptivesurftrainingcenter/31100,heal,positive,62.0,9.0
2793,https://sportfunder.com/hunterpowershowcase/28192,hunter,negative,23.0,9.0
2825,https://sportfunder.com/wpuchin/27815,pine,negative,13.0,5.0
2843,https://sportfunder.com/shedevils/28114,devil,negative,6.0,9.0
2858,https://sportfunder.com/msejahmediasports/28131,main,positive,10.0,0.0
2868,https://sportfunder.com/amandadennis/31887,passion,positive,24.0,5.0
2897,https://sportfunder.com/loloteam/27541,top,positive,10.0,3.0
2910,https://sportfunder.com/loloteam/27544,top,positive,10.0,3.0
2923,https://sportfunder.com/kickconnection/1329,kick,negative,9.0,3.0
2935,https://sportfunder.com/takkhunnwang/21759,vice,negative,10.0,4.0
2949,https://sportfunder.com/syaquarius/29894,top,positive,9.0,3.0
2961,https://sportfunder.com/northflaglerwildcats/31173,wildcat,negative,5.0,4.0
2970,https://sportfunder.com/americansamoawomensbeachhandballteam/30896,top,positive,8.0,3.0
2981,https://sportfunder.com/breakerband/40438,march,positive,7.0,1.0
2989,https://sportfunder.com/moheabeid/31545,player,negative,10.0,4.0
3003,https://sportfunder.com/marikakay/8242,launch,positive,13.0,22.0
3038,https://sportfunder.com/ottawaeliteu17team/23455,youth,positive,19.0,12.0
3069,https://sportfunder.com/ottawafightfitness/10758,deal,positive,5.0,1.0
3075,https://sportfunder.com/ottawageegeesmensbaseball/1450,passion,positive,13.0,4.0
3092,https://sportfunder.com/brazilbound/17113,accomplish,positive,6.0,1.0
3099,https://sportfunder.com/billvanlieshouttennisclassic/30877,late,negative,9.0,4.0
3112,https://sportfunder.com/chrisgreen/29442,offset,positive,10.0,5.0
3127,https://sportfunder.com/topselectboys16royal/29416,top,positive,5.0,0.0
3132,https://sportfunder.com/south-sideshooters/28375,top,positive,13.0,4.0
3149,https://sportfunder.com/jamesmoler/30651,passion,positive,17.0,5.0
3171,https://sportfunder.com/teamcharles/1621,youth,positive,23.0,0.0
3194,https://sportfunder.com/teamcharles/16249,youth,positive,15.0,0.0
3209,https://sportfunder.com/futsalgorovo/31004,top,positive,13.0,3.0
3225,https://sportfunder.com/regals_lax/31181,visit,positive,9.0,1.0
3235,https://sportfunder.com/haileycarey/30872,passion,positive,4.0,0.0
3239,https://sportfunder.com/norbeckhillsswimteam/29401,swim,positive,13.0,0.0
3252,https://sportfunder.com/rogueracingclub/28047,youth,positive,10.0,1.0
3263,https://sportfunder.com/jonpoteet/27573,talent,positive,11.0,6.0
3280,https://sportfunder.com/dsaokcjudo/40338,dove,positive,10.0,1.0
3291,https://sportfunder.com/apexskillscamp/31894,growth,positive,12.0,1.0
3304,https://sportfunder.com/alexpoinar/21501,art,positive,27.0,3.0
3334,https://sportfunder.com/angelahill/29446,afford,positive,22.0,0.0
3356,https://sportfunder.com/tbteam/31197,top,positive,12.0,3.0
3371,https://sportfunder.com/centralminnesotapsychopaths/25933,love,positive,4.0,2.0
3377,https://sportfunder.com/vladimirostziortzi/29316,bad,negative,43.0,5.0
3425,https://sportfunder.com/lydiakanellopoulou/29855,passion,positive,4.0,2.0
3431,https://sportfunder.com/malionsportsclub/27520,friend,positive,10.0,0.0
3441,https://sportfunder.com/lenameidanifossen/29610,acrobat,positive,9.0,0.0
3450,https://sportfunder.com/ektoras/30991,passion,positive,8.0,0.0
3458,https://sportfunder.com/oceansidechiefs/27944,tough,negative,20.0,5.0
3483,https://sportfunder.com/irinasokolova/28278,found,positive,17.0,1.0
3501,https://sportfunder.com/tomasi/30878,passion,positive,4.0,0.0
3505,https://sportfunder.com/tomasi/31005,passion,positive,4.0,0.0
3509,https://sportfunder.com/beachteammkcom/28666,hope,positive,15.0,3.0
3527,https://sportfunder.com/beachteammkcom/30658,champion,positive,21.0,3.0
3551,https://sportfunder.com/vukradovanovi%C4%8798/27477,profession,positive,5.0,0.0
3556,https://sportfunder.com/beckfamilyracing/22424,cross,negative,15.0,5.0
3576,https://sportfunder.com/warhawksbaseball/29893,found,positive,17.0,1.0
3594,https://sportfunder.com/kumakechjames/26738,top,positive,10.0,3.0
3607,https://sportfunder.com/averybellas_/40603,passion,positive,10.0,0.0
3612,https://sportfunder.com/emmaweiss_/39453,passion,positive,10.0,0.0
3617,https://sportfunder.com/gracedakuginow/39454,grace,positive,12.0,0.0
3623,https://sportfunder.com/audrinaluchinolorentz_/39458,passion,positive,10.0,0.0
3649,https://sportfunder.com/mariahbradley_/39460,spirit,positive,7.0,0.0
3656,https://sportfunder.com/kaitlyndugan_/39465,passion,positive,5.0,0.0
3661,https://sportfunder.com/spiritgymnastics/31223,gymnast,positive,8.0,0.0
3669,https://sportfunder.com/bhadradhinesh_/31484,passion,positive,5.0,0.0
3674,https://sportfunder.com/spiritgymnastics/31922,spirit,positive,16.0,3.0
3693,https://sportfunder.com/spiritgymnastics/40568,fall,negative,15.0,5.0
3713,https://sportfunder.com/gavriellebratis_/40598,passion,positive,5.0,0.0
3718,https://sportfunder.com/nebassinri/30903,john,negative,13.0,3.0
3734,https://sportfunder.com/nyjahturner/31179,passion,positive,12.0,1.0
3747,https://sportfunder.com/djtravelbaseball/40404,pay,positive,2.0,0.0
3749,https://sportfunder.com/rajkovicpusonjic/28328,medal,positive,14.0,2.0
3765,https://sportfunder.com/newcastleavengersbasketballclub/29352,youth,positive,30.0,5.0
3800,https://sportfunder.com/samedney/31205,TRUE,positive,16.0,3.0
3819,https://sportfunder.com/amberkennedy/27712,succeed,positive,8.0,2.0
3829,https://sportfunder.com/westsidewanderersmarchingclub/27785,march,positive,7.0,1.0
3837,https://sportfunder.com/newzealanddeaffootball/29380,top,positive,9.0,3.0
3849,https://sportfunder.com/jackiewatene_/31059,passion,positive,8.0,0.0
3857,https://sportfunder.com/testinganotherteamcreation/26127,top,positive,10.0,3.0
3870,https://sportfunder.com/dan1282/28268,cosmopolitan,positive,13.0,5.0
3888,https://sportfunder.com/stactennis/29105,fall,negative,5.0,2.0
3895,https://sportfunder.com/vincenzo/29441,passion,positive,9.0,1.0
3905,https://sportfunder.com/dinokocityroversfc/30956,youth,positive,9.0,8.0
3922,https://sportfunder.com/jamesibrahim/26737,player,negative,14.0,7.0
3943,https://sportfunder.com/ryderpennington/28041,gain,positive,11.0,1.0
3955,https://sportfunder.com/benmason/31687,fun,positive,8.0,6.0
3969,https://sportfunder.com/pureperformance/24116,word,positive,12.0,1.0
3982,https://sportfunder.com/saharidumainisinamo/29606,journey,positive,16.0,1.0
3999,https://sportfunder.com/tanyabottomley/29458,late,negative,11.0,5.0
4015,https://sportfunder.com/alexanderhaserodt/29464,gymnast,positive,9.0,0.0
4024,https://sportfunder.com/localnashvillesoccerteam/31460,talent,positive,14.0,3.0
4041,https://sportfunder.com/paraeqrider/28107,rider,positive,33.0,17.0
4091,https://sportfunder.com/risingshuttlers/27631,player,negative,10.0,5.0
4106,https://sportfunder.com/joshadegoke/30984,major,positive,7.0,2.0
4115,https://sportfunder.com/prestigeventures/23930,develop,positive,9.0,2.0
4126,https://sportfunder.com/edwinonchonga/28374,main,positive,9.0,1.0
4136,https://sportfunder.com/sailorshockeyteam/26742,found,positive,44.0,9.0
4189,https://sportfunder.com/teamfittertec/28190,top,positive,8.0,4.0
4201,https://sportfunder.com/manzerbasketballclub/24643,dear,positive,10.0,4.0
4215,https://sportfunder.com/christiantroncoppola/30867,profession,positive,8.0,1.0
4224,https://sportfunder.com/risejiujitsu/29089,victim,negative,22.0,2.0
4248,https://sportfunder.com/khanyisanifootballclub/28134,success,positive,7.0,1.0
4256,https://sportfunder.com/khanyisaniladiesfootballclub/27483,ownership,positive,11.0,3.0
4270,https://sportfunder.com/moscowwrestlingclub/25255,champion,positive,20.0,0.0
4290,https://sportfunder.com/tallissaedwards/6022,mate,positive,3.0,0.0
4293,https://sportfunder.com/mcgillcheerleading/478,cheer,positive,9.0,1.0
4303,https://sportfunder.com/wanderersrfc/23577,player,negative,17.0,5.0
4325,https://sportfunder.com/mcgillsynchro/770,swim,positive,11.0,1.0
4337,https://sportfunder.com/mcgillfigureskating/13,level,positive,7.0,5.0
4349,https://sportfunder.com/bellerebelfreestyle/25921,rebel,negative,20.0,6.0
4375,https://sportfunder.com/carabinsskialpin/9750,generous,positive,14.0,1.0
4390,https://sportfunder.com/categuica/23099,major,positive,13.0,2.0
4405,https://sportfunder.com/uqamcheerleading/1913,money,positive,2.0,1.0
4408,https://sportfunder.com/dawsoncollegewomensbasketball/10594,player,negative,16.0,5.0
4429,https://sportfunder.com/hiboux/22140,leader,positive,7.0,9.0
4445,https://sportfunder.com/coachaj/22982,top,positive,8.0,3.0
4456,https://sportfunder.com/savateteamcanada/10118,focus,positive,17.0,5.0
4478,https://sportfunder.com/uqamcheerleading/24614,enthusiast,positive,4.0,1.0
4483,https://sportfunder.com/ymhawolfpackelite/3389,player,negative,14.0,6.0
4503,https://sportfunder.com/mcgillalpineskiteam/13070,level,positive,13.0,4.0
4520,https://sportfunder.com/lslu19aa/19817,earn,positive,15.0,2.0
4537,https://sportfunder.com/mcgillkingames/16833,march,positive,16.0,1.0
4554,https://sportfunder.com/dawsonbluescoedvolleyball/23328,gold,positive,8.0,0.0
4562,https://sportfunder.com/bluesrfc/22792,level,positive,11.0,4.0
4577,https://sportfunder.com/uqamsoccer/14485,gain,positive,3.0,2.0
4582,https://sportfunder.com/alsports/13353,partner,positive,11.0,1.0
4594,https://sportfunder.com/nicholaslopez_/22863,top,positive,8.0,3.0
4605,https://sportfunder.com/markplastina/23092,accomplish,positive,22.0,3.0
4630,https://sportfunder.com/mikaisthebestallthetime/25891,medal,positive,15.0,0.0
4645,https://sportfunder.com/teampmmafightersmanagement/25908,top,positive,9.0,3.0
4657,https://sportfunder.com/saintlaurentspartans/25925,saint,positive,12.0,3.0
4672,https://sportfunder.com/testingcampaigncreationmichael/26736,major,positive,5.0,2.0
4679,https://sportfunder.com/michaelshpigelman/27472,main,positive,9.0,1.0
4689,https://sportfunder.com/michaelshpigelman/27473,main,positive,9.0,1.0
4699,https://sportfunder.com/hellomanaaa/28182,main,positive,9.0,1.0
4709,https://sportfunder.com/bluehounds/28257,afford,positive,4.0,2.0
4715,https://sportfunder.com/jazzy/28282,medal,positive,15.0,0.0
4730,https://sportfunder.com/pmmafighters/30822,top,positive,8.0,2.0
4740,https://sportfunder.com/swmodiscgolfers/27579,grow,positive,15.0,4.0
4759,https://sportfunder.com/tomcampbell/25467,champion,positive,3.0,2.0
4764,https://sportfunder.com/danielletravis/27221,aloha,positive,29.0,9.0
4802,https://sportfunder.com/dnaquidditchclub/40332,top,positive,8.0,3.0
4813,https://sportfunder.com/jessica/27711,share,positive,10.0,1.0
4824,https://sportfunder.com/tfsyouthdevelopment/31219,youth,positive,21.0,5.0
4850,https://sportfunder.com/letsplayhockey-mk/29374,visit,positive,33.0,8.0
4891,https://sportfunder.com/teamgeorgia12u-cooperstown2021/31477,excel,positive,5.0,0.0
4896,https://sportfunder.com/josiahgilbert/40322,major,positive,3.0,1.0
4900,https://sportfunder.com/emaary/24067,impair,negative,14.0,3.0
4917,https://sportfunder.com/romanipeoplefootballteam/24259,chairman,positive,4.0,3.0
4924,https://sportfunder.com/giovanni/27942,career,positive,17.0,1.0
4942,https://sportfunder.com/halfwayhousedragons/31090,halfway,negative,7.0,5.0
4954,https://sportfunder.com/williamyves/31203,love,positive,31.0,7.0
4992,https://sportfunder.com/alejandromenendez/298,champion,positive,5.0,1.0
4998,https://sportfunder.com/deluken/28616,main,positive,10.0,3.0
5011,https://sportfunder.com/fernanda/27575,fear,negative,8.0,9.0
5028,https://sportfunder.com/metroelitebasketballclub/29318,develop,positive,8.0,2.0
5038,https://sportfunder.com/nevelledurawo/28290,talent,positive,10.0,5.0
5053,https://sportfunder.com/nevelledurawo/28297,talent,positive,10.0,5.0
5068,https://sportfunder.com/nevelledurawo/28671,player,negative,8.0,4.0
5080,https://sportfunder.com/mbjjf/30648,coast,positive,20.0,0.0
5100,https://sportfunder.com/shinjuaikidodojo/29449,august,positive,27.0,9.0
5136,https://sportfunder.com/nikkiking/40334,king,positive,15.0,3.0
5154,https://sportfunder.com/phakoamashape/28350,defeat,negative,12.0,4.0
5170,https://sportfunder.com/jamesmolorane/31175,passion,positive,7.0,0.0
5177,https://sportfunder.com/acs/29555,ancient,negative,8.0,5.0
5190,https://sportfunder.com/brandon/4762,medal,positive,26.0,2.0
5218,https://sportfunder.com/fbal/27750,main,positive,9.0,1.0
5228,https://sportfunder.com/kccare/26684,child,positive,12.0,3.0
5243,https://sportfunder.com/kccare/26679,child,positive,12.0,3.0
5258,https://sportfunder.com/mariettacollegemensbasketball/26080,classic,positive,12.0,2.0
5272,https://sportfunder.com/copaforce1/27810,neighbor,positive,8.0,2.0
5282,https://sportfunder.com/tpwomens/24155,develop,positive,11.0,4.0
5297,https://sportfunder.com/upeepz/6874,august,positive,15.0,1.0
5313,https://sportfunder.com/deftacribeirobjjphilippines/16921,level,positive,18.0,8.0
5339,https://sportfunder.com/malindiboxingclub/24101,coast,positive,32.0,6.0
5377,https://sportfunder.com/sooteckzhijerry/30953,passion,positive,4.0,0.0
5381,https://sportfunder.com/malacky/31098,top,positive,9.0,3.0
5393,https://sportfunder.com/susma/27806,player,negative,2.0,2.0
5397,https://sportfunder.com/ray/27840,main,positive,8.0,2.0
5407,https://sportfunder.com/rene/23485,found,positive,16.0,4.0
5427,https://sportfunder.com/venezuelaworldtoeikankarate/24003,top,positive,7.0,5.0
5439,https://sportfunder.com/dakotadey/31541,passion,positive,8.0,1.0
5448,https://sportfunder.com/nathangardner/31561,love,positive,8.0,2.0
5458,https://sportfunder.com/oasissportingclub/30973,top,positive,9.0,3.0
5470,https://sportfunder.com/swapnilkumar/28332,player,negative,10.0,2.0
5482,https://sportfunder.com/lizmcternan/27687,swim,positive,13.0,1.0
5496,https://sportfunder.com/westsidetrackclub/31831,top,positive,11.0,3.0
5510,https://sportfunder.com/tylerbrw/31888,passion,positive,9.0,0.0
5519,https://sportfunder.com/ballardfootball/29158,top,positive,9.0,3.0
5531,https://sportfunder.com/beechmontbaseball/31222,youth,positive,9.0,6.0
5546,https://sportfunder.com/jalenlamarhenry/30930,brother,positive,17.0,3.0
5566,https://sportfunder.com/crenshawramsfutureleague/27735,ram,negative,8.0,7.0
5581,https://sportfunder.com/morganhill/29522,lesson,positive,7.0,1.0
5589,https://sportfunder.com/londonsynchrouniversity/23070,swim,positive,13.0,2.0
5604,https://sportfunder.com/rossrichardson/28685,main,positive,9.0,1.0
5614,https://sportfunder.com/londongirlsindoorsoccer/31543,hope,positive,11.0,4.0
5629,https://sportfunder.com/slovenialacrosse/25162,demand,negative,3.0,3.0
5635,https://sportfunder.com/samwilson/28276,player,negative,9.0,4.0
5648,https://sportfunder.com/anlcoastal/40433,row,negative,4.0,4.0
5656,https://sportfunder.com/liionsfc/28096,enthusiast,positive,14.0,1.0
5671,https://sportfunder.com/rawofootballacademyrfa/28219,status,positive,82.0,9.0
5762,https://sportfunder.com/rawofootballacademyrfa/28716,profession,positive,24.0,0.0
5786,https://sportfunder.com/caitlinpurcell/8826,love,positive,11.0,4.0
5801,https://sportfunder.com/nigerianfencing/30935,bless,positive,8.0,0.0
5809,https://sportfunder.com/legiongaming/29546,top,positive,11.0,3.0
5823,https://sportfunder.com/kcscblitzsoftball/27629,player,negative,4.0,8.0
5835,https://sportfunder.com/serenityhanson/27725,player,negative,9.0,3.0
5847,https://sportfunder.com/ritalazar/23881,passion,positive,4.0,0.0
5851,https://sportfunder.com/spartanparentboosterclub/26741,player,negative,7.0,1.0
5859,https://sportfunder.com/anastasija/28122,passion,positive,15.0,3.0
5877,https://sportfunder.com/teamguyracing/28093,build,positive,11.0,1.0
5889,https://sportfunder.com/selasvegasriot/29106,riot,negative,7.0,7.0
5903,https://sportfunder.com/fullcourtfiesta/31895,fiesta,positive,6.0,0.0
5909,https://sportfunder.com/ameliagonzalez_/39408,passion,positive,5.0,0.0
5914,https://sportfunder.com/kirkfieldunitedamateurs/31049,talent,positive,9.0,2.0
5925,https://sportfunder.com/syedlabeeq/28135,succeed,positive,2.0,0.0
5927,https://sportfunder.com/free4fun/28086,top,positive,10.0,3.0
5940,https://sportfunder.com/royalfootballclublagos/31322,found,positive,7.0,3.0
5950,https://sportfunder.com/thurstoncountysay/31471,top,positive,9.0,3.0
5962,https://sportfunder.com/evdokymovracing/31207,passion,positive,4.0,0.0
5966,https://sportfunder.com/febil/29867,passion,positive,5.0,1.0
5972,https://sportfunder.com/ipelengmachwisa/28673,top,positive,9.0,3.0
5984,https://sportfunder.com/gemcitythrowbacks11u/26609,gem,positive,14.0,5.0
6003,https://sportfunder.com/ketacup/24418,sunset,positive,1.0,0.0
6004,https://sportfunder.com/jamesmwaura/30959,passion,positive,11.0,1.0
6016,https://sportfunder.com/medineriverrace/28108,main,positive,9.0,1.0
6026,https://sportfunder.com/medineriverrace/28109,develop,positive,4.0,0.0
6030,https://sportfunder.com/mujtaba/30954,passion,positive,6.0,0.0
6036,https://sportfunder.com/mohsinkamran/31127,passion,positive,5.0,0.0
6041,https://sportfunder.com/mollyjean/27723,player,negative,8.0,3.0
6052,https://sportfunder.com/paigeflanders/28670,player,negative,6.0,4.0
6062,https://sportfunder.com/kjhsladykays/26060,fight,negative,6.0,2.0
6070,https://sportfunder.com/denismusali/27837,partner,positive,14.0,3.0
6087,https://sportfunder.com/akuwaderick/27878,partnership,positive,15.0,0.0
6102,https://sportfunder.com/morganendean/3413,green,positive,6.0,1.0
6109,https://sportfunder.com/2015worldgymnaestrada/10242,earn,positive,10.0,3.0
6122,https://sportfunder.com/kiranashankarchawan/28360,level,positive,11.0,1.0
6134,https://sportfunder.com/josiahranderson/29572,love,positive,7.0,0.0
6141,https://sportfunder.com/elizabethsaliba/29928,civil,positive,8.0,0.0
6149,https://sportfunder.com/jean-marcmalkowski/30916,player,negative,13.0,5.0
6167,https://sportfunder.com/upjvoll/31196,friend,positive,8.0,1.0
6176,https://sportfunder.com/lucassithole/27914,grow,positive,10.0,4.0
6190,https://sportfunder.com/jepperowing/27835,develop,positive,43.0,22.0
6255,https://sportfunder.com/leecrossland/28099,success,positive,30.0,17.0
6302,https://sportfunder.com/titansrugby/28274,top,positive,10.0,9.0
6321,https://sportfunder.com/nkosinathihlongwane/29622,talent,positive,9.0,2.0
6332,https://sportfunder.com/tafararugara/31054,passion,positive,4.0,0.0
6336,https://sportfunder.com/steelforceelitecom/27817,star,positive,19.0,1.0
6356,https://sportfunder.com/karah/31463,passion,positive,4.0,0.0
6360,https://sportfunder.com/jagjitsengupta/28266,player,negative,14.0,6.0
6380,https://sportfunder.com/jasonandmsamiltia/28013,militia,negative,9.0,3.0
6392,https://sportfunder.com/jameslanerimilitia/28011,star,positive,7.0,3.0
6402,https://sportfunder.com/jamiesonstone/31209,stone,negative,8.0,2.0
6412,https://sportfunder.com/micheledec/28005,child,positive,5.0,0.0
6417,https://sportfunder.com/sportingclubcalifornia/30886,top,positive,12.0,12.0
6441,https://sportfunder.com/dynamicathletemanagement/25259,top,positive,7.0,2.0
6450,https://sportfunder.com/danbenin/26070,love,positive,4.0,2.0
6456,https://sportfunder.com/james/31612,passion,positive,11.0,2.0
6469,https://sportfunder.com/12uastrossoftball/26689,love,positive,8.0,7.0
6484,https://sportfunder.com/reaghan/26705,main,positive,8.0,1.0
6493,https://sportfunder.com/prudentmotorsports/28209,prudent,positive,26.0,1.0
6520,https://sportfunder.com/sudeep/30885,passion,positive,4.0,0.0
6524,https://sportfunder.com/sjsjsjdhdhf/31329,love,positive,9.0,0.0
6533,https://sportfunder.com/jaybanlasan/29453,journey,positive,10.0,13.0
6556,https://sportfunder.com/ol/28097,main,positive,9.0,1.0
6566,https://sportfunder.com/woodstudgameproject/30992,stud,positive,13.0,8.0
6587,https://sportfunder.com/kasopeajibola/27627,develop,positive,18.0,1.0
6606,https://sportfunder.com/hopeisalivesoccerfoundationteam/29286,hope,positive,36.0,14.0
6656,https://sportfunder.com/ianrodriguez_eliogas_baseballfactory/28082,player,negative,13.0,6.0
6675,https://sportfunder.com/bronner/29094,player,negative,4.0,4.0
6683,https://sportfunder.com/hungarianscamps/24204,enthusiasm,positive,9.0,0.0
6692,https://sportfunder.com/tanjabester/28285,player,negative,7.0,7.0
6706,https://sportfunder.com/rijekatorpedoes/31051,forward,positive,6.0,1.0
6713,https://sportfunder.com/deidra/31251,passion,positive,6.0,4.0
6723,https://sportfunder.com/saucefambasketballclub/30997,benefit,positive,12.0,3.0
6738,https://sportfunder.com/bbcgrengewaldhueschtert/31118,youth,positive,9.0,2.0
6749,https://sportfunder.com/ebc/31003,youth,positive,2.0,3.0
6754,https://sportfunder.com/khloedefiesta/40391,passion,positive,14.0,0.0
6768,https://sportfunder.com/popwarnercentraltrojansvarsity/30653,top,positive,8.0,1.0
6777,https://sportfunder.com/highdesertpumas/31356,desert,negative,8.0,8.0
6793,https://sportfunder.com/rebelssoccer/30848,rebel,negative,6.0,4.0
6803,https://sportfunder.com/tremenheeresportsacademy/30825,top,positive,9.0,3.0
6815,https://sportfunder.com/naanaadusei/30944,master,positive,8.0,1.0
6824,https://sportfunder.com/leahbrockman/27540,main,positive,7.0,2.0
6833,https://sportfunder.com/jorgemartinez/29353,main,positive,9.0,1.0
6843,https://sportfunder.com/carltonmukurazita/29087,main,positive,4.0,0.0
6847,https://sportfunder.com/lewisgurupira/30657,star,positive,11.0,2.0
6860,https://sportfunder.com/mattomalley/27760,player,negative,6.0,5.0
6871,https://sportfunder.com/mcmasterdragonboat/5466,effort,positive,21.0,10.0
6902,https://sportfunder.com/shawntaunton/27804,brother,positive,24.0,12.0
6938,https://sportfunder.com/hamburgyounghuskies/28316,youth,positive,34.0,8.0
6980,https://sportfunder.com/smudance/21004,saint,positive,14.0,0.0
6994,https://sportfunder.com/youngindiasportsacademy/29881,top,positive,10.0,3.0
7007,https://sportfunder.com/fieldhockeygroupguelph/27207,love,positive,12.0,1.0
7020,https://sportfunder.com/lucycenteno/29890,late,negative,12.0,3.0
7035,https://sportfunder.com/greenvalleypirates/27780,green,positive,14.0,1.0
7050,https://sportfunder.com/bradprescott/29140,job,positive,9.0,3.0
7062,https://sportfunder.com/greencastlegoldenknightsmensbasketball/30823,knight,positive,12.0,0.0
7074,https://sportfunder.com/aemstylidas/28008,fight,negative,6.0,3.0
7083,https://sportfunder.com/iraklisvolley/30951,found,positive,4.0,0.0
7087,https://sportfunder.com/granadacc/40222,special,positive,47.0,12.0
7146,https://sportfunder.com/spainyouthlax/28092,youth,positive,2.0,0.0
7148,https://sportfunder.com/greenbaypackers/25462,top,positive,10.0,3.0
7161,https://sportfunder.com/christiannewman/27622,profession,positive,9.0,1.0
7171,https://sportfunder.com/gemmaf/29813,art,positive,30.0,2.0
7203,https://sportfunder.com/maartenvandekerckhove/30645,gent,negative,4.0,1.0
7208,https://sportfunder.com/adriandean/30907,passion,positive,8.0,0.0
7216,https://sportfunder.com/teambussolinosport/29618,passion,positive,31.0,2.0
7249,https://sportfunder.com/reubyn/27765,money,positive,2.0,0.0
7251,https://sportfunder.com/struck2022/27895,level,positive,9.0,3.0
7263,https://sportfunder.com/tumisang/29871,passion,positive,17.0,2.0
7282,https://sportfunder.com/teamswedenallgirl/23756,love,positive,3.0,0.0
7285,https://sportfunder.com/racheldoyle/29077,main,positive,9.0,1.0
7295,https://sportfunder.com/friscofurylacrosse/28618,enjoy,positive,12.0,3.0
7310,https://sportfunder.com/paulcisneros/28293,player,negative,9.0,3.0
7322,https://sportfunder.com/alexcolpitts/3713,fun,positive,7.0,0.0
7329,https://sportfunder.com/alexcolpitts/9122,music,positive,15.0,16.0
7360,https://sportfunder.com/chrisgallop/21823,develop,positive,14.0,6.0
7380,https://sportfunder.com/alexcolpitts/24115,journey,positive,16.0,9.0
7405,https://sportfunder.com/newworldbball/27861,main,positive,7.0,1.0
7413,https://sportfunder.com/westernville1892cf/31825,player,negative,24.0,15.0
7452,https://sportfunder.com/sheilajane/29354,main,positive,9.0,1.0
7462,https://sportfunder.com/michaelarmstrong/28354,main,positive,9.0,1.0
7472,https://sportfunder.com/micheleschiebel/31377,leader,positive,2.0,0.0
7474,https://sportfunder.com/coltonhall/4094,love,positive,18.0,2.0
7494,https://sportfunder.com/alexandragagnon/4122,gold,positive,6.0,0.0
7500,https://sportfunder.com/highplainsgymnastics/31014,gymnast,positive,10.0,1.0
7511,https://sportfunder.com/marylandfreedom/27849,freedom,positive,15.0,2.0
7528,https://sportfunder.com/katebouck/40377,passion,positive,6.0,0.0
7534,https://sportfunder.com/highaltitudetrainingofarizona/29623,benefit,positive,5.0,0.0
7539,https://sportfunder.com/jeffreysduo/28295,youth,positive,14.0,1.0
7554,https://sportfunder.com/elitespikersvolleyballclub/31331,prospect,positive,10.0,3.0
7567,https://sportfunder.com/lahcenoulhadj/28196,main,positive,10.0,2.0
7579,https://sportfunder.com/karagoodman/4546,gold,positive,2.0,0.0
7581,https://sportfunder.com/liamteetzel/4842,fun,positive,23.0,0.0
7604,https://sportfunder.com/joebrown/24740,fall,negative,2.0,2.0
7608,https://sportfunder.com/eugenelightning05/27745,enthusiast,positive,12.0,1.0
7621,https://sportfunder.com/carissaholinaty/24929,teacher,positive,30.0,6.0
7657,https://sportfunder.com/legacycf/29908,fee,negative,5.0,1.0
7663,https://sportfunder.com/rebeccarichards/31369,passion,positive,2.0,0.0
7665,https://sportfunder.com/michaelknupfer/29540,excel,positive,13.0,2.0
7680,https://sportfunder.com/spectrumathletics/40325,focus,positive,7.0,1.0
7688,https://sportfunder.com/spectrumvolleyball/31869,fall,negative,2.0,2.0
7692,https://sportfunder.com/spectrumathletics/31891,cross,negative,6.0,3.0
7701,https://sportfunder.com/spectrumboysbasketball/31847,growth,positive,4.0,1.0
7706,https://sportfunder.com/spectrumathletics/40406,excess,negative,6.0,1.0
7713,https://sportfunder.com/spectrumathletics/40432,excess,negative,6.0,1.0
7720,https://sportfunder.com/spectrumathletics/31693,count,positive,7.0,2.0
7729,https://sportfunder.com/spectrumathletics/31256,learn,positive,6.0,7.0
7742,https://sportfunder.com/spectrumstingdanceteam/31855,excess,negative,1.0,1.0
7744,https://sportfunder.com/spectrumathletics/40110,generous,positive,5.0,0.0
7749,https://sportfunder.com/immanuelchristianschoolgirlsbasketball/40240,top,positive,6.0,1.0
7756,https://sportfunder.com/epolimpiafc/27499,level,positive,10.0,3.0
7769,https://sportfunder.com/cheerleaders/29351,love,positive,6.0,1.0
7776,https://sportfunder.com/gridironsouthafrica/28015,youth,positive,6.0,3.0
7785,https://sportfunder.com/girlssportyeg/31521,grow,positive,66.0,12.0
7863,https://sportfunder.com/jordanlandry/4242,develop,positive,15.0,3.0
7881,https://sportfunder.com/savannahdubien/8662,journey,positive,3.0,0.0
7884,https://sportfunder.com/zoecronin/26042,grant,positive,7.0,3.0
7894,https://sportfunder.com/edmontontsunamiwaterpoloclub/31208,progress,positive,2.0,0.0
7896,https://sportfunder.com/yochana/11422,twin,positive,16.0,8.0
7920,https://sportfunder.com/alexcevallos/31816,passion,positive,4.0,0.0
7924,https://sportfunder.com/crankwrestling/25227,count,positive,20.0,7.0
7951,https://sportfunder.com/mrjjsmet/29911,passion,positive,7.0,2.0
7960,https://sportfunder.com/kznroguesquadron/24817,combat,negative,3.0,2.0
7965,https://sportfunder.com/jekopemaiono/27205,main,positive,3.0,0.0
7968,https://sportfunder.com/teammetalize/25017,grow,positive,5.0,1.0
7974,https://sportfunder.com/aymeric/29601,enthusiast,positive,10.0,2.0
7986,https://sportfunder.com/jcc/21292,afford,positive,23.0,6.0
8015,https://sportfunder.com/sequoyahmiddleschoolboysbasketball/29917,succeed,positive,9.0,2.0
8026,https://sportfunder.com/teamfinish/29136,oak,positive,13.0,2.0
8041,https://sportfunder.com/dipologfutballacademy/26667,enthusiast,positive,15.0,7.0
8063,https://sportfunder.com/dfa-dipologfutballacademy/26670,enthusiast,positive,15.0,7.0
8085,https://sportfunder.com/alexverschaeren/31064,passion,positive,9.0,0.0
8094,https://sportfunder.com/alexverschaeren/40227,passion,positive,5.0,3.0
8102,https://sportfunder.com/ashatowasportsacademy/30943,top,positive,9.0,3.0
8114,https://sportfunder.com/hordemma/28039,clash,negative,5.0,1.0
8120,https://sportfunder.com/acscrossoverdeva/27715,pest,negative,13.0,9.0
8142,https://sportfunder.com/desmoineslincolnboysbasketball/29320,develop,positive,17.0,7.0
8166,https://sportfunder.com/mountrainierhighschoolfootballteam/25085,level,positive,8.0,1.0
8175,https://sportfunder.com/iowachill/30937,launch,positive,9.0,4.0
8188,https://sportfunder.com/keirasnyman/28254,passion,positive,48.0,6.0
8242,https://sportfunder.com/tahnawilfley/28292,player,negative,10.0,4.0
8256,https://sportfunder.com/rileyscrogham/28110,infant,positive,24.0,4.0
8284,https://sportfunder.com/denisondynamitesoccer/40108,surround,negative,16.0,4.0
8304,https://sportfunder.com/sportiz/27934,player,negative,7.0,3.0
8314,https://sportfunder.com/centervillelacrosse/26062,friend,positive,9.0,3.0
8326,https://sportfunder.com/d-towneagles/31467,veteran,positive,22.0,1.0
8349,https://sportfunder.com/sandroacademy/23884,top,positive,8.0,3.0
8360,https://sportfunder.com/frednowak/30960,love,positive,2.0,3.0
8365,https://sportfunder.com/czechcricket/29883,player,negative,5.0,3.0
8373,https://sportfunder.com/silkrider/31163,silk,positive,6.0,2.0
8381,https://sportfunder.com/antoniochaparromontiel/29552,main,positive,9.0,1.0
8391,https://sportfunder.com/lowkeyhoops/30972,passion,positive,9.0,1.0
8401,https://sportfunder.com/jenniferforsyth/28201,daughter,positive,13.0,8.0
8422,https://sportfunder.com/academiadefutbolthunder/31201,youth,positive,19.0,4.0
8445,https://sportfunder.com/legacysports/10098,build,positive,14.0,0.0
8459,https://sportfunder.com/inlandempireemperors/31009,top,positive,9.0,3.0
8471,https://sportfunder.com/ijkaireland/22611,major,positive,4.0,2.0
8477,https://sportfunder.com/artesuavedk/21284,belt,negative,14.0,5.0
8496,https://sportfunder.com/sarahchappelow/30926,success,positive,23.0,4.0
8523,https://sportfunder.com/madisonolson/31576,profession,positive,14.0,1.0
8538,https://sportfunder.com/dodgeknights/24106,knight,positive,2.0,0.0
8540,https://sportfunder.com/intactsportsmarketinggroup/29505,intact,positive,12.0,3.0
8555,https://sportfunder.com/coltonpony6uallstars/28022,fight,negative,5.0,1.0
8561,https://sportfunder.com/kaedecoltonashby/28265,brother,positive,17.0,5.0
8583,https://sportfunder.com/brendanyakura/3393,belt,negative,16.0,11.0
8610,https://sportfunder.com/avcc/1093,cheer,positive,33.0,0.0
8643,https://sportfunder.com/mikhilagemaat/8578,enjoy,positive,19.0,0.0
8662,https://sportfunder.com/claupavia/30834,passion,positive,5.0,0.0
8667,https://sportfunder.com/jackcotton/28198,passion,positive,22.0,0.0
8689,https://sportfunder.com/shahedkhan/29359,top,positive,9.0,3.0
8701,https://sportfunder.com/matiascandia/40123,deport,negative,2.0,2.0
8705,https://sportfunder.com/farrahcompetesinaustraliaandtheusa/27754,winner,positive,6.0,0.0
8711,https://sportfunder.com/ryanmiller/31191,passion,positive,4.0,0.0
8715,https://sportfunder.com/prasannadhamodharan/29400,level,positive,11.0,2.0
8728,https://sportfunder.com/nivethajessica/29600,profession,positive,10.0,1.0
8739,https://sportfunder.com/mcdo/29411,main,positive,6.0,1.0
8746,https://sportfunder.com/camillerioux/4878,wear,negative,1.0,1.0
8748,https://sportfunder.com/upeisynchronizedswimming/778,swim,positive,9.0,2.0
8759,https://sportfunder.com/upeiswimming/798,swim,positive,8.0,0.0
8767,https://sportfunder.com/upeiswimming/9070,swim,positive,7.0,1.0
8775,https://sportfunder.com/kenbiddle/29592,profession,positive,16.0,5.0
8796,https://sportfunder.com/kowarrior/28073,warrior,positive,12.0,5.0
8813,https://sportfunder.com/maxmiller/31860,top,positive,4.0,0.0
8817,https://sportfunder.com/crusadersfa/25592,fall,negative,16.0,5.0
8838,https://sportfunder.com/canibarugby/27756,develop,positive,4.0,0.0
8842,https://sportfunder.com/asociaciondecanotajededistritocapital/23611,top,positive,8.0,3.0
8853,https://sportfunder.com/garethmo/28355,task,positive,8.0,1.0
8862,https://sportfunder.com/kira/31822,passion,positive,6.0,1.0
8869,https://sportfunder.com/ayrtonterrazas/40375,passion,positive,4.0,0.0
8873,https://sportfunder.com/mountedgamesassociation/22649,rider,positive,17.0,1.0
8891,https://sportfunder.com/southafricanrugbyleague/27777,main,positive,11.0,2.0
8904,https://sportfunder.com/kierancourt/28020,profession,positive,21.0,1.0
8926,https://sportfunder.com/kyleflanagan/29445,champion,positive,3.0,0.0
8929,https://sportfunder.com/charlesvandervindt/29929,talent,positive,8.0,2.0
8939,https://sportfunder.com/kccommunitysportsdevelopmentclub/31052,develop,positive,5.0,0.0
8944,https://sportfunder.com/chiaravorster/31497,focus,positive,4.0,2.0
8950,https://sportfunder.com/robin/27784,captain,positive,10.0,7.0
8967,https://sportfunder.com/ambie/28370,swim,positive,6.0,4.0
8977,https://sportfunder.com/hanscoetzee/29289,talent,positive,4.0,1.0
8982,https://sportfunder.com/lazolasobende/29856,passion,positive,4.0,0.0
8986,https://sportfunder.com/fastandfemale/4418,friend,positive,9.0,0.0
8995,https://sportfunder.com/albertaworldcupacademy/6026,level,positive,20.0,0.0
9015,https://sportfunder.com/juniorwaterskicanada/15813,gold,positive,13.0,2.0
9030,https://sportfunder.com/cankensportsclub/23675,talent,positive,1.0,0.0
9031,https://sportfunder.com/sambocanada/818,dear,positive,7.0,1.0
9039,https://sportfunder.com/canadabeermileteam/22396,beer,positive,17.0,3.0
9059,https://sportfunder.com/canada4rio/24420,wear,negative,3.0,4.0
9066,https://sportfunder.com/lauraschulz/28206,childhood,positive,9.0,5.0
9080,https://sportfunder.com/camagueybaseballclub/27915,public,positive,6.0,4.0
9090,https://sportfunder.com/suelgaming/31096,player,negative,8.0,4.0
9102,https://sportfunder.com/sportingclubcalifornia2020/31464,top,positive,11.0,7.0
9120,https://sportfunder.com/teammileswka/2609,honor,positive,15.0,3.0
9138,https://sportfunder.com/adamthomson/4650,love,positive,7.0,2.0
9147,https://sportfunder.com/adamthomson/19821,fell,negative,23.0,2.0
9172,https://sportfunder.com/teammileswka/25062,belt,negative,16.0,12.0
9200,https://sportfunder.com/dinosrowamillionmeters/30990,row,negative,3.0,4.0
9207,https://sportfunder.com/dinosrowing/27595,row,negative,6.0,6.0
9219,https://sportfunder.com/teammiles/2605,march,positive,16.0,4.0
9239,https://sportfunder.com/ippondojo/18377,level,positive,5.0,0.0
9244,https://sportfunder.com/craignadeau/31109,fall,negative,2.0,3.0
9249,https://sportfunder.com/lionsyouthsports/27758,lion,positive,14.0,0.0
9263,https://sportfunder.com/maliariordan/31111,passion,positive,9.0,2.0
9274,https://sportfunder.com/burlingtonhsboystrackandfield/26077,leader,positive,25.0,6.0
9305,https://sportfunder.com/pacificnwselects/40281,top,positive,9.0,3.0
9317,https://sportfunder.com/tubatseringballclub/29905,top,positive,7.0,2.0
9326,https://sportfunder.com/iarom/40482,journey,positive,18.0,0.0
9344,https://sportfunder.com/argentinewomenscricketteam/31456,player,negative,4.0,4.0
9352,https://sportfunder.com/valherjes/30840,powerful,positive,7.0,2.0
9361,https://sportfunder.com/balazszsamboki/28112,talent,positive,10.0,3.0
9374,https://sportfunder.com/budapestreds/30835,build,positive,10.0,9.0
9393,https://sportfunder.com/ungermatics/15401,reason,positive,18.0,3.0
9414,https://sportfunder.com/kanyonraft/22024,champion,positive,1.0,0.0
9415,https://sportfunder.com/saramihalik/27213,champion,positive,21.0,3.0
9439,https://sportfunder.com/alexandrugheorghe/28349,main,positive,10.0,1.0
9450,https://sportfunder.com/leobaeten/31119,art,positive,8.0,0.0
9458,https://sportfunder.com/brooklinehighschoolrugby/40255,pad,positive,3.0,1.0
9462,https://sportfunder.com/ubcultimate/1433,success,positive,3.0,2.0
9467,https://sportfunder.com/josh/31355,passion,positive,18.0,2.0
9487,https://sportfunder.com/josh/31170,level,positive,15.0,0.0
9502,https://sportfunder.com/josh/31560,passion,positive,8.0,0.0
9510,https://sportfunder.com/michelemullen/29389,offer,positive,19.0,4.0
9533,https://sportfunder.com/miroslavaargalasova/31550,rider,positive,18.0,5.0
9556,https://sportfunder.com/gila/28032,main,positive,9.0,1.0
9566,https://sportfunder.com/bradfordcrosscountrytrackandfield/40570,cross,negative,9.0,5.0
9580,https://sportfunder.com/vincentbonacci/31312,love,positive,6.0,1.0
9587,https://sportfunder.com/nicolastoro/29095,beautiful,positive,9.0,1.0
9597,https://sportfunder.com/lorentinapasaribu/31172,passion,positive,4.0,0.0
9601,https://sportfunder.com/alabamastriders/31520,top,positive,8.0,3.0
9612,https://sportfunder.com/conestogagirlsbasketball/31258,enjoy,positive,19.0,3.0
9634,https://sportfunder.com/conestogagirlsbasketball/40218,friend,positive,8.0,0.0
9642,https://sportfunder.com/whitedevils/31362,devil,negative,3.0,7.0
9652,https://sportfunder.com/sydneykoevoet/4866,passion,positive,6.0,2.0
9660,https://sportfunder.com/graficarrowingclub/25632,row,negative,7.0,8.0
9675,https://sportfunder.com/nolanhuysmans/29153,champion,positive,9.0,1.0
9685,https://sportfunder.com/dashaadjohnson/31579,passion,positive,4.0,0.0
9689,https://sportfunder.com/andrea/28137,daughter,positive,15.0,4.0
9708,https://sportfunder.com/cooperelkins/27551,wait,negative,,2.0
9710,https://sportfunder.com/stevematias/21628,belt,negative,9.0,7.0
9726,https://sportfunder.com/taylorharris/29290,main,positive,9.0,0.0
9735,https://sportfunder.com/libertysoftball/31906,magnet,positive,6.0,2.0
9743,https://sportfunder.com/unionathletic/40130,brother,positive,9.0,0.0
9752,https://sportfunder.com/cikititeam/23714,shoulder,positive,14.0,4.0
9770,https://sportfunder.com/sebastianquintana/29896,profession,positive,17.0,5.0
9792,https://sportfunder.com/ossosinef/31366,forward,positive,3.0,2.0
9797,https://sportfunder.com/debasishmajhi/30921,learn,positive,36.0,15.0
9848,https://sportfunder.com/combinedschoolsbarbados/25828,hope,positive,7.0,2.0
9857,https://sportfunder.com/rajdeepsingh/29564,friend,positive,12.0,1.0
9870,https://sportfunder.com/ashahpayson/8810,fell,negative,10.0,4.0
9884,https://sportfunder.com/sannymalik/29570,main,positive,9.0,1.0
9894,https://sportfunder.com/martinpasternak/30911,passion,positive,5.0,0.0
9899,https://sportfunder.com/thekidkeeper/29443,player,negative,10.0,5.0
9914,https://sportfunder.com/minicheerleadr/30920,passion,positive,3.0,0.0
9917,https://sportfunder.com/rtuifhfh/27680,fight,negative,10.0,13.0
9940,https://sportfunder.com/rtuifhfh/27681,fight,negative,10.0,13.0
9963,https://sportfunder.com/watchjeffhornvsgarycorcoranlivestream/27682,fight,negative,10.0,13.0
9986,https://sportfunder.com/navarrogirlssoccer/29850,tough,negative,11.0,7.0
10004,https://sportfunder.com/vistapeaksoccer/26160,love,positive,4.0,2.0
10010,https://sportfunder.com/a-coroyals/27919,friend,positive,12.0,1.0
10023,https://sportfunder.com/mackenzie/30993,passion,positive,4.0,0.0
10027,https://sportfunder.com/nualaedmundson/30958,passion,positive,3.0,0.0
10030,https://sportfunder.com/eronileilua/31046,job,positive,4.0,2.0
10036,https://sportfunder.com/meikevoigt/31085,honor,positive,7.0,1.0
10044,https://sportfunder.com/codybeehre/29368,love,positive,10.0,1.0
10055,https://sportfunder.com/cristinacasares/31153,passion,positive,8.0,0.0
10063,https://sportfunder.com/howickpremiermenssoftballteam/27495,premier,positive,18.0,4.0
10085,https://sportfunder.com/charlottemunro/27885,top,positive,9.0,1.0
10095,https://sportfunder.com/mercedes/28314,pick,positive,19.0,4.0
10118,https://sportfunder.com/hikoirangi/28690,journey,positive,7.0,2.0
10127,https://sportfunder.com/camrynbirley/29134,love,positive,3.0,0.0
10130,https://sportfunder.com/danielle_/29349,player,negative,12.0,3.0
10145,https://sportfunder.com/amandagilfedder/29898,passion,positive,5.0,2.0
10152,https://sportfunder.com/acsharksuhockeyteam/31231,player,negative,4.0,6.0
10162,https://sportfunder.com/jaymay/40369,passion,positive,14.0,1.0
10177,https://sportfunder.com/seaverking/31255,king,positive,2.0,3.0
10182,https://sportfunder.com/jockeyclubhockeyparaguay/27565,medal,positive,8.0,2.0
10192,https://sportfunder.com/oliviahennon/30864,join,positive,15.0,0.0
10207,https://sportfunder.com/venumvolleyballaruba/29863,passion,positive,5.0,0.0
10212,https://sportfunder.com/fcbarcroft/31571,career,positive,27.0,14.0
10253,https://sportfunder.com/davidzandman/27875,effort,positive,6.0,2.0
10261,https://sportfunder.com/envigadofootballclub/24910,youth,positive,22.0,6.0
10289,https://sportfunder.com/annandalehighschooldanceteam/31798,talent,positive,6.0,1.0
10296,https://sportfunder.com/basparinussa/30875,wait,negative,9.0,7.0
10312,https://sportfunder.com/femaleathletesbeyond/40327,friend,positive,10.0,3.0
10325,https://sportfunder.com/newsportstechnology/28024,laser,positive,10.0,1.0
10336,https://sportfunder.com/mightyducksofalberta/29252,top,positive,4.0,1.0
10341,https://sportfunder.com/haralduringolfsson/31108,passion,positive,9.0,3.0
10353,https://sportfunder.com/justinmceachern/5778,friend,positive,7.0,0.0
10360,https://sportfunder.com/airdriefcu12girls/13689,offset,positive,4.0,3.0
10367,https://sportfunder.com/ajayioluwafemi/31314,top,positive,9.0,3.0
10379,https://sportfunder.com/armagiofrondarina/30942,passion,positive,4.0,0.0
10383,https://sportfunder.com/na/30947,dear,positive,9.0,3.0
10395,https://sportfunder.com/centa14sports/27747,entertain,positive,17.0,2.0
10414,https://sportfunder.com/phormanfootballschool/30869,top,positive,9.0,3.0
10426,https://sportfunder.com/coledunlavy/30906,passion,positive,5.0,0.0
10431,https://sportfunder.com/connorslooyer/5062,success,positive,10.0,3.0
10444,https://sportfunder.com/brandongslooyer/5078,passion,positive,13.0,2.0
10459,https://sportfunder.com/azores-kartingchampionship/27814,major,positive,5.0,0.0
10464,https://sportfunder.com/miljohnmaxlin/27486,main,positive,9.0,1.0
10474,https://sportfunder.com/ulyanabatashova/29533,main,positive,7.0,1.0
10482,https://sportfunder.com/lera/29384,main,positive,9.0,1.0
10492,https://sportfunder.com/anatoly/25148,impair,negative,5.0,5.0
10502,https://sportfunder.com/larisa/27877,mother,negative,14.0,4.0
10520,https://sportfunder.com/ivanpeklin/28675,champion,positive,12.0,1.0
10533,https://sportfunder.com/mixfightzt/29571,fight,negative,10.0,3.0
10546,https://sportfunder.com/mayathebee/40314,fell,negative,21.0,10.0
10577,https://sportfunder.com/americanfootballteamhawks/28207,vice,negative,9.0,5.0
10591,https://sportfunder.com/danilonesic93/29872,passion,positive,4.0,0.0
10595,https://sportfunder.com/saidnajafzade/29615,sponsor,positive,3.0,0.0
10598,https://sportfunder.com/rugbyclubcrimeanpirates/24986,lose,negative,24.0,8.0
10630,https://sportfunder.com/sportwaytv/21673,star,positive,5.0,3.0
10638,https://sportfunder.com/sofiiakovalchuk/29858,passion,positive,4.0,0.0
10642,https://sportfunder.com/mcgillrowing/7,row,negative,4.0,14.0
10660,https://sportfunder.com/samgreer/7890,develop,positive,9.0,3.0
10672,https://sportfunder.com/mcgilltennis/52,share,positive,15.0,3.0
10690,https://sportfunder.com/davidaskwith/7878,develop,positive,9.0,3.0
10702,https://sportfunder.com/alaynascramstad/9038,enjoy,positive,6.0,1.0
10709,https://sportfunder.com/ryleestone/8554,stone,negative,12.0,8.0
10729,https://sportfunder.com/jordanboles/40571,scholarship,positive,2.0,0.0
10731,https://sportfunder.com/savaantic/5046,passion,positive,11.0,0.0
10742,https://sportfunder.com/hamletmunoz/5090,career,positive,5.0,1.0
10748,https://sportfunder.com/benwilkinsonzan/7870,develop,positive,9.0,3.0
10760,https://sportfunder.com/jennjackson/7886,develop,positive,9.0,3.0
10772,https://sportfunder.com/juliansmith/8046,develop,positive,9.0,3.0
10784,https://sportfunder.com/annamanchester/9082,level,positive,3.0,1.0
10788,https://sportfunder.com/alannahmaclean/7862,develop,positive,9.0,3.0
10800,https://sportfunder.com/nationaldevelopmentcentrethunderbay/7758,develop,positive,9.0,3.0
10812,https://sportfunder.com/evanpalmercharette/7882,develop,positive,9.0,3.0
10824,https://sportfunder.com/quebecwrestlingacademy/3037,friend,positive,20.0,7.0
10851,https://sportfunder.com/nationaldevelopmentcentrethunderbay/18549,cross,negative,9.0,4.0
10864,https://sportfunder.com/andyshields/7866,develop,positive,9.0,3.0
10876,https://sportfunder.com/shadyenahas/114,dear,positive,3.0,1.0
10880,https://sportfunder.com/augustandmegansibthorpe/8194,august,positive,6.0,0.0
10886,https://sportfunder.com/blake/8982,visit,positive,4.0,1.0
10891,https://sportfunder.com/aaronsilcock/4734,belt,negative,1.0,1.0
10893,https://sportfunder.com/mackenziestabler/31138,share,positive,17.0,1.0
10911,https://sportfunder.com/synchronlcanadagamesteam/9370,demand,negative,6.0,1.0
10918,https://sportfunder.com/braxtonclark/4966,assist,positive,3.0,0.0
10921,https://sportfunder.com/kristenyawney/5050,love,positive,5.0,1.0
10927,https://sportfunder.com/kelseymckinnon/8658,love,positive,1.0,0.0
10928,https://sportfunder.com/martialartsdevelopment/6374,art,positive,32.0,6.0
10966,https://sportfunder.com/b9baseball/29513,bottom,negative,7.0,7.0
10980,https://sportfunder.com/bradlanglois/172,august,positive,4.0,0.0
10984,https://sportfunder.com/leogoldberg/5070,accomplish,positive,4.0,0.0
10988,https://sportfunder.com/montrealkaitas/6270,talent,positive,4.0,1.0
10993,https://sportfunder.com/teamcanadauniversityworldchampswomensfourw/9734,row,negative,6.0,5.0
11004,https://sportfunder.com/fitcitie/23054,worth,positive,12.0,3.0
11019,https://sportfunder.com/gdrmikaelense/23684,profession,positive,4.0,0.0
11023,https://sportfunder.com/pinelandstrackandfield/23685,top,positive,11.0,3.0
11037,https://sportfunder.com/fcleyendafootballclub/27576,sponsor,positive,6.0,0.0
11043,https://sportfunder.com/kasungumaplotfootballacademy/28040,top,positive,10.0,3.0
11056,https://sportfunder.com/alarzclub/28247,passion,positive,21.0,0.0
11077,https://sportfunder.com/cheyannetorrington/28330,belt,negative,13.0,2.0
11092,https://sportfunder.com/jesseverto/28686,player,negative,4.0,2.0
11098,https://sportfunder.com/shandreotto/29124,scholar,positive,20.0,0.0
11118,https://sportfunder.com/bromollamonsters/29554,tough,negative,10.0,7.0
11135,https://sportfunder.com/caseneedham/30927,passion,positive,6.0,0.0
11141,https://sportfunder.com/brooklynknight/30955,TRUE,positive,6.0,3.0
11150,https://sportfunder.com/bcdc/31145,major,positive,5.0,3.0
11158,https://sportfunder.com/chanakyaks/31195,passion,positive,5.0,0.0
11163,https://sportfunder.com/clubtriplee/31230,top,positive,8.0,3.0
