Unnamed: 0,CampaignURL,word,sentiment3,trust,fear
1,https://sportfunder.com/tjslaviatuzvolen/28678,top,trust,8.0,0.0
9,https://sportfunder.com/danielvassalladams/25809,coach,trust,10.0,1.0
20,https://sportfunder.com/seanamini/29524,nation,trust,23.0,2.0
45,https://sportfunder.com/sambofederationofarmenia/28323,top,trust,9.0,1.0
55,https://sportfunder.com/bobthompson/12274,level,trust,20.0,1.0
76,https://sportfunder.com/jovontesuber/31804,passion,trust,4.0,0.0
80,https://sportfunder.com/usadeafwrestlingorganization/23697,medal,trust,6.0,1.0
87,https://sportfunder.com/usadeafwrestlingorganization/25617,safe,trust,4.0,0.0
91,https://sportfunder.com/acadiauniversitycheerleading/2393,team,trust,8.0,1.0
100,https://sportfunder.com/acadiauniversitycheerleading/8246,team,trust,8.0,0.0
108,https://sportfunder.com/acadiaaxetremecheerleading/23677,cheer,trust,6.0,0.0
114,https://sportfunder.com/winnipeggeneralstrike/2193,explain,trust,9.0,3.0
126,https://sportfunder.com/teamgunnlaugson/25493,team,trust,19.0,2.0
147,https://sportfunder.com/integritycheereliteiceallstars/15641,star,trust,9.0,3.0
159,https://sportfunder.com/paradiseracing/4434,team,trust,16.0,2.0
177,https://sportfunder.com/morgyncook/40367,passion,trust,3.0,0.0
180,https://sportfunder.com/dawsonblues/13541,team,trust,21.0,0.0
201,https://sportfunder.com/academicartshighschool/31146,school,trust,11.0,0.0
212,https://sportfunder.com/robmcdougall/27770,passion,trust,40.0,4.0
256,https://sportfunder.com/anthonypietersz/29528,team,trust,7.0,4.0
267,https://sportfunder.com/wellingtonwolvesflagfootballteam/31183,grow,trust,7.0,0.0
274,https://sportfunder.com/donaldbrown/31536,passion,trust,4.0,0.0
278,https://sportfunder.com/wallaseywolves/29346,team,trust,5.0,0.0
283,https://sportfunder.com/keyarawardley/8762,nation,trust,11.0,0.0
294,https://sportfunder.com/ironrangestrikersfc/31161,iron,trust,11.0,4.0
309,https://sportfunder.com/uvicsynchro/889,swim,fear,16.0,2.0
327,https://sportfunder.com/teamvicaustralianfootball/27492,team,trust,5.0,2.0
334,https://sportfunder.com/lindsayandpatricia/17273,journey,fear,8.0,5.0
347,https://sportfunder.com/teamvicrugby/27490,team,trust,17.0,1.0
365,https://sportfunder.com/teamvicvolleyball/27491,team,trust,17.0,1.0
383,https://sportfunder.com/joeyniezen/937,swim,fear,16.0,2.0
401,https://sportfunder.com/daveford/26608,friend,trust,12.0,1.0
414,https://sportfunder.com/kayakteam-canottieriquerinivenezia/29817,team,trust,17.0,1.0
432,https://sportfunder.com/fdx/29162,hope,trust,4.0,0.0
436,https://sportfunder.com/sergiyter/28004,swim,fear,8.0,11.0
455,https://sportfunder.com/sedibengu15/29566,coach,trust,8.0,0.0
463,https://sportfunder.com/ubcsynchro/957,swim,fear,15.0,5.0
483,https://sportfunder.com/ubcsynchro/15229,nation,trust,9.0,2.0
494,https://sportfunder.com/christinewonggolf/29414,journey,fear,4.0,2.0
500,https://sportfunder.com/uofamininggames/30996,team,trust,5.0,0.0
505,https://sportfunder.com/uofamininggames/40216,team,trust,16.0,0.0
521,https://sportfunder.com/vikasshukla/28337,lover,trust,4.0,0.0
525,https://sportfunder.com/stevenpritchard/31217,passion,trust,3.0,0.0
528,https://sportfunder.com/sebastiaanroell/30890,budget,trust,9.0,1.0
538,https://sportfunder.com/urbanahighschoolcheerleading/29854,school,trust,14.0,0.0
552,https://sportfunder.com/howelluniteddiamonds/28125,top,trust,10.0,1.0
563,https://sportfunder.com/nlapro/31921,nation,trust,37.0,8.0
608,https://sportfunder.com/dangerzonewrestling/23696,top,trust,4.0,2.0
614,https://sportfunder.com/teambrokenworld/25269,team,trust,12.0,4.0
630,https://sportfunder.com/lehighvalleyhunters/29919,hunter,fear,3.0,1.0
634,https://sportfunder.com/amakirikelvin/30828,passion,trust,3.0,0.0
637,https://sportfunder.com/jamesogle-16thwkc/3169,nation,trust,6.0,0.0
643,https://sportfunder.com/seanstarr/21215,team,trust,11.0,0.0
654,https://sportfunder.com/lucywarne/28012,warn,fear,15.0,3.0
672,https://sportfunder.com/go-2-pro/28136,school,trust,10.0,4.0
686,https://sportfunder.com/princetonakpojaro/30654,passion,trust,32.0,7.0
725,https://sportfunder.com/greatpotentialltd/29412,top,trust,12.0,1.0
738,https://sportfunder.com/bmg/28193,level,trust,12.0,0.0
750,https://sportfunder.com/pmdadila/31088,passion,trust,3.0,0.0
753,https://sportfunder.com/cookstownmugendo/10774,coach,trust,4.0,0.0
757,https://sportfunder.com/tychyfalcons/28674,team,trust,38.0,12.0
807,https://sportfunder.com/warao/27558,top,trust,10.0,0.0
817,https://sportfunder.com/tepaunitedfc/29857,team,trust,10.0,1.0
828,https://sportfunder.com/duffielddevilsmn/25363,devil,fear,4.0,2.0
834,https://sportfunder.com/matthewmackillop/2497,team,trust,6.0,5.0
845,https://sportfunder.com/noelhussey/24928,team,trust,13.0,4.0
862,https://sportfunder.com/synchrocanadajuniornationalteam/23649,nation,trust,22.0,3.0
887,https://sportfunder.com/muaythaiontario/24381,nation,trust,46.0,8.0
941,https://sportfunder.com/philiposei/11110,nation,trust,17.0,1.0
959,https://sportfunder.com/southsidemuaythaiacademy/21710,team,trust,31.0,5.0
995,https://sportfunder.com/canadianjuniorindoorskydivingteam/25616,team,trust,11.0,1.0
1007,https://sportfunder.com/torontopickleball/31097,passion,trust,6.0,2.0
1015,https://sportfunder.com/ryersonuniversitycheerleading/849,team,trust,14.0,1.0
1030,https://sportfunder.com/patriciabezzoubenko/24753,nation,trust,13.0,1.0
1044,https://sportfunder.com/sara/27593,found,trust,8.0,2.0
1054,https://sportfunder.com/falconscc/27776,youth,fear,6.0,3.0
1063,https://sportfunder.com/runtheworld2019/28185,stroke,fear,13.0,12.0
1088,https://sportfunder.com/tocc/31228,thrill,fear,8.0,2.0
1098,https://sportfunder.com/mhlumepeacemakersfc/29885,cover,trust,14.0,2.0
1114,https://sportfunder.com/reaganashley/27561,level,trust,17.0,0.0
1131,https://sportfunder.com/willlyall/27562,nation,trust,4.0,0.0
1135,https://sportfunder.com/scotthill/7894,nation,trust,18.0,2.0
1155,https://sportfunder.com/hopeduncan/22629,pay,trust,3.0,1.0
1159,https://sportfunder.com/isabelabalatka/30859,youth,fear,26.0,4.0
1189,https://sportfunder.com/connorshackelofrd/29916,passion,trust,3.0,0.0
1192,https://sportfunder.com/levetasmith/30982,smith,trust,12.0,0.0
1204,https://sportfunder.com/carolinecomperatore_/40124,passion,trust,6.0,0.0
1210,https://sportfunder.com/teamttc/22231,team,trust,29.0,8.0
1247,https://sportfunder.com/taylorsvillescoutfootballteam/28149,team,trust,20.0,1.0
1268,https://sportfunder.com/olympicfckenya/31373,top,trust,12.0,1.0
1281,https://sportfunder.com/samsmith/22610,smith,trust,13.0,2.0
1296,https://sportfunder.com/sharellemarching/27889,team,trust,4.0,0.0
1300,https://sportfunder.com/newplymouthtaekwondohapkidoclub/28210,money,trust,10.0,1.0
1311,https://sportfunder.com/subhan/170,team,trust,6.0,1.0
1318,https://sportfunder.com/subhan/23883,flood,fear,7.0,1.0
1326,https://sportfunder.com/usfwomensclubsoccer/28179,top,trust,9.0,0.0
1335,https://sportfunder.com/usfwomensclubsoccer/29895,team,trust,6.0,0.0
1341,https://sportfunder.com/sickleshighschoolfootball/25934,school,trust,16.0,2.0
1359,https://sportfunder.com/lorelaihunt/31907,passion,trust,3.0,0.0
1362,https://sportfunder.com/silvaselect/40453,top,trust,10.0,3.0
1375,https://sportfunder.com/fernandosaldana/40531,champion,trust,16.0,0.0
1391,https://sportfunder.com/sydneyunihandballclub/40516,champion,trust,16.0,0.0
1407,https://sportfunder.com/sydneyunihandballclub/29573,champion,trust,12.0,0.0
1419,https://sportfunder.com/balmaintigersafl/27549,proud,trust,7.0,1.0
1427,https://sportfunder.com/joehall/28141,hope,trust,11.0,1.0
1439,https://sportfunder.com/teamswedencoed/23232,team,trust,5.0,1.0
1445,https://sportfunder.com/thereseblennert/29535,nation,trust,11.0,2.0
1458,https://sportfunder.com/georgestamour/5142,amour,trust,10.0,1.0
1469,https://sportfunder.com/bamasterssoccerassociationofvancouver/28051,money,trust,5.0,0.0
1474,https://sportfunder.com/ihtkesw/30949,team,trust,13.0,2.0
1489,https://sportfunder.com/samuvolotinen/30881,legal,trust,2.0,0.0
1491,https://sportfunder.com/christownsend/3661,fight,fear,11.0,4.0
1506,https://sportfunder.com/alessandrafattore/28113,passion,trust,15.0,1.0
1522,https://sportfunder.com/trihighbasketball/29444,coach,trust,9.0,0.0
1531,https://sportfunder.com/nordiccapitaljudochallenge/21124,watch,fear,3.0,1.0
1535,https://sportfunder.com/hannakarlsson/29526,save,trust,8.0,4.0
1547,https://sportfunder.com/steinbachsynchro/1233,system,trust,2.0,0.0
1549,https://sportfunder.com/georgiablaikie/40267,top,trust,13.0,0.0
1562,https://sportfunder.com/intensity/14389,team,trust,5.0,0.0
1567,https://sportfunder.com/alexandrakanioros/29849,money,trust,1.0,0.0
1568,https://sportfunder.com/neptunesynchro/17729,team,trust,14.0,1.0
1583,https://sportfunder.com/benton/29869,passion,trust,3.0,0.0
1586,https://sportfunder.com/taylorhendricks/27742,school,trust,10.0,2.0
1598,https://sportfunder.com/gselvakumar/31113,passion,trust,3.0,0.0
1601,https://sportfunder.com/sfstealthlax/31182,top,trust,11.0,1.0
1613,https://sportfunder.com/vincerezeng/27548,journey,fear,1.0,1.0
1615,https://sportfunder.com/shinnstonsoccer/27201,coach,trust,10.0,0.0
1625,https://sportfunder.com/nicholeshaferherring/27726,journey,fear,3.0,2.0
1630,https://sportfunder.com/matteosubet/27773,level,trust,5.0,1.0
1636,https://sportfunder.com/krisfund/28205,top,trust,4.0,2.0
1642,https://sportfunder.com/cheekathletics/29154,team,trust,7.0,1.0
1650,https://sportfunder.com/marioudvardi/27480,journey,fear,5.0,2.0
1657,https://sportfunder.com/stephaniedyck/1293,money,trust,12.0,1.0
1670,https://sportfunder.com/sarniaolympictaekwondo/24272,coach,trust,18.0,0.0
1688,https://sportfunder.com/ianmorgan/28315,base,trust,5.0,0.0
1693,https://sportfunder.com/leopardodelasnieves/28364,team,trust,13.0,0.0
1706,https://sportfunder.com/lgdm/25762,team,trust,12.0,3.0
1721,https://sportfunder.com/sophie/27941,team,trust,4.0,0.0
1725,https://sportfunder.com/elsot-acmteam/25533,top,trust,10.0,1.0
1736,https://sportfunder.com/cvassassins_/40382,assassin,fear,1.0,3.0
1740,https://sportfunder.com/afcsouthbay/40385,champion,trust,11.0,1.0
1752,https://sportfunder.com/juanpablodibangiacoman/31092,passion,trust,3.0,0.0
1755,https://sportfunder.com/davidmussad/26145,enjoy,trust,13.0,5.0
1773,https://sportfunder.com/georgiantennis/27594,respect,trust,6.0,0.0
1779,https://sportfunder.com/maximustufugafale/31144,passion,trust,13.0,1.0
1793,https://sportfunder.com/scoutsoccer/29410,school,trust,4.0,0.0
1797,https://sportfunder.com/pridecheer/30967,team,trust,7.0,0.0
1804,https://sportfunder.com/patrick/19621,coach,trust,4.0,1.0
1809,https://sportfunder.com/betancourt/28064,money,trust,26.0,1.0
1836,https://sportfunder.com/teamforca/21845,team,trust,11.0,8.0
1855,https://sportfunder.com/___/28311,brother,trust,15.0,0.0
1870,https://sportfunder.com/tomgandy/30879,proud,trust,7.0,2.0
1879,https://sportfunder.com/bucharestathleticsassociation/29537,team,trust,13.0,1.0
1893,https://sportfunder.com/anupvyas/29415,passion,trust,5.0,0.0
1898,https://sportfunder.com/cwp/23784,belt,fear,7.0,2.0
1907,https://sportfunder.com/richmondislanders05b/30873,team,trust,6.0,0.0
1913,https://sportfunder.com/richmondsoul/31830,top,trust,10.0,1.0
1924,https://sportfunder.com/readingbrazilianjiujitsu/19997,belt,fear,5.0,1.0
1930,https://sportfunder.com/dnaracingteam/29530,team,trust,15.0,1.0
1946,https://sportfunder.com/khiladis/30936,team,trust,5.0,0.0
1951,https://sportfunder.com/koracooper/28074,team,trust,7.0,1.0
1959,https://sportfunder.com/centralohioflamessoftball/29315,team,trust,5.0,1.0
1965,https://sportfunder.com/upstreetdanceclub/25353,honor,trust,15.0,2.0
1982,https://sportfunder.com/lmnphilippines/25734,crew,trust,16.0,0.0
1998,https://sportfunder.com/trysportsph/27740,teach,trust,19.0,3.0
2020,https://sportfunder.com/barbora/31323,difficult,fear,1.0,1.0
2022,https://sportfunder.com/rougeetorvolleyballmasculin/6110,nation,trust,6.0,1.0
2029,https://sportfunder.com/teamcanadadance/10482,team,trust,19.0,1.0
2049,https://sportfunder.com/slclions/23244,excel,trust,10.0,1.0
2060,https://sportfunder.com/aamir/28313,top,trust,4.0,2.0
2066,https://sportfunder.com/parvandhkrishnan/31140,passion,trust,3.0,0.0
2069,https://sportfunder.com/brunou14girls/28059,team,trust,9.0,3.0
2081,https://sportfunder.com/princetonbasketballclub/25922,grow,trust,12.0,0.0
2093,https://sportfunder.com/pgjudoclub/20757,top,trust,8.0,0.0
2101,https://sportfunder.com/pgjudoclub/5122,pay,trust,1.0,0.0
2102,https://sportfunder.com/judopei/23753,top,trust,16.0,1.0
2119,https://sportfunder.com/tsg/22993,school,trust,15.0,2.0
2136,https://sportfunder.com/2runners/10014,team,trust,5.0,0.0
2141,https://sportfunder.com/avagault/31008,passion,trust,3.0,0.0
2144,https://sportfunder.com/jenniferumberger/40261,safe,trust,2.0,0.0
2146,https://sportfunder.com/schuylkillymcagymnastics/40136,level,trust,11.0,1.0
2158,https://sportfunder.com/charliegran/27896,team,trust,5.0,1.0
2164,https://sportfunder.com/avaedmonds/30870,thrill,fear,9.0,1.0
2174,https://sportfunder.com/pccathleticevents/29865,top,trust,16.0,0.0
2190,https://sportfunder.com/alexgolfs/30913,passion,trust,3.0,0.0
2193,https://sportfunder.com/banzaivolley-ballclub/31555,friendship,trust,19.0,4.0
2216,https://sportfunder.com/natalieholsapple/31212,passion,trust,3.0,0.0
2219,https://sportfunder.com/rickgarcia/28197,director,trust,18.0,5.0
2242,https://sportfunder.com/zea-dinejanuarie/29620,team,trust,10.0,0.0
2252,https://sportfunder.com/ivamam/30977,passion,trust,12.0,3.0
2267,https://sportfunder.com/szymonjablkowski/29150,team,trust,18.0,2.0
2287,https://sportfunder.com/matteopatacca/30852,passion,trust,3.0,0.0
2290,https://sportfunder.com/sisonkeelitefootballproject/29629,top,trust,10.0,1.0
2301,https://sportfunder.com/kcvavolleyball15red/29144,team,trust,13.0,0.0
2314,https://sportfunder.com/hockeng/30862,passion,trust,6.0,0.0
2320,https://sportfunder.com/adaptivesurftrainingcenter/31100,heal,trust,32.0,6.0
2358,https://sportfunder.com/hunterpowershowcase/28192,hunter,fear,20.0,5.0
2383,https://sportfunder.com/wpuchin/27815,team,trust,12.0,3.0
2398,https://sportfunder.com/shedevils/28114,devil,fear,5.0,4.0
2407,https://sportfunder.com/msejahmediasports/28131,nation,trust,9.0,2.0
2418,https://sportfunder.com/amandadennis/31887,passion,trust,20.0,5.0
2443,https://sportfunder.com/loloteam/27541,top,trust,13.0,1.0
2457,https://sportfunder.com/loloteam/27544,top,trust,13.0,1.0
2471,https://sportfunder.com/kickconnection/1329,money,trust,4.0,1.0
2476,https://sportfunder.com/takkhunnwang/21759,school,trust,11.0,2.0
2489,https://sportfunder.com/syaquarius/29894,top,trust,12.0,1.0
2502,https://sportfunder.com/northflaglerwildcats/31173,coach,trust,6.0,0.0
2508,https://sportfunder.com/americansamoawomensbeachhandballteam/30896,team,trust,14.0,1.0
2523,https://sportfunder.com/breakerband/40438,cover,trust,3.0,0.0
2526,https://sportfunder.com/moheabeid/31545,passion,trust,6.0,0.0
2532,https://sportfunder.com/marikakay/8242,team,trust,22.0,1.0
2555,https://sportfunder.com/ottawaeliteu17team/23455,team,trust,18.0,4.0
2577,https://sportfunder.com/ottawafightfitness/10758,deal,trust,3.0,1.0
2581,https://sportfunder.com/ottawageegeesmensbaseball/1450,passion,trust,18.0,0.0
2599,https://sportfunder.com/brazilbound/17113,proud,trust,7.0,0.0
2606,https://sportfunder.com/billvanlieshouttennisclassic/30877,coach,trust,17.0,8.0
2631,https://sportfunder.com/chrisgreen/29442,star,trust,10.0,3.0
2644,https://sportfunder.com/topselectboys16royal/29416,top,trust,11.0,0.0
2655,https://sportfunder.com/south-sideshooters/28375,shooter,fear,14.0,9.0
2678,https://sportfunder.com/jamesmoler/30651,passion,trust,12.0,7.0
2697,https://sportfunder.com/teamcharles/1621,team,trust,26.0,4.0
2727,https://sportfunder.com/teamcharles/16249,team,trust,17.0,3.0
2747,https://sportfunder.com/futsalgorovo/31004,top,trust,12.0,1.0
2760,https://sportfunder.com/regals_lax/31181,regal,trust,10.0,0.0
2770,https://sportfunder.com/haileycarey/30872,passion,trust,3.0,0.0
2773,https://sportfunder.com/norbeckhillsswimteam/29401,swim,fear,9.0,5.0
2787,https://sportfunder.com/rogueracingclub/28047,youth,fear,9.0,4.0
2800,https://sportfunder.com/jonpoteet/27573,coach,trust,9.0,0.0
2809,https://sportfunder.com/dsaokcjudo/40338,establish,trust,14.0,1.0
2824,https://sportfunder.com/apexskillscamp/31894,expect,trust,12.0,0.0
2836,https://sportfunder.com/alexpoinar/21501,school,trust,21.0,1.0
2858,https://sportfunder.com/angelahill/29446,coach,trust,15.0,0.0
2873,https://sportfunder.com/tbteam/31197,top,trust,15.0,1.0
2889,https://sportfunder.com/centralminnesotapsychopaths/25933,team,trust,7.0,0.0
2896,https://sportfunder.com/vladimirostziortzi/29316,bad,fear,31.0,3.0
2930,https://sportfunder.com/lydiakanellopoulou/29855,passion,trust,4.0,1.0
2935,https://sportfunder.com/malionsportsclub/27520,friend,trust,8.0,0.0
2943,https://sportfunder.com/lenameidanifossen/29610,acrobat,fear,5.0,4.0
2952,https://sportfunder.com/ektoras/30991,passion,trust,4.0,3.0
2959,https://sportfunder.com/oceansidechiefs/27944,loss,fear,23.0,2.0
2984,https://sportfunder.com/irinasokolova/28278,team,trust,24.0,0.0
3008,https://sportfunder.com/tomasi/30878,passion,trust,4.0,0.0
3012,https://sportfunder.com/tomasi/31005,passion,trust,4.0,0.0
3016,https://sportfunder.com/beachteammkcom/28666,team,trust,17.0,1.0
3034,https://sportfunder.com/beachteammkcom/30658,team,trust,20.0,1.0
3055,https://sportfunder.com/vukradovanovi%C4%8798/27477,school,trust,4.0,0.0
3059,https://sportfunder.com/beckfamilyracing/22424,cross,fear,14.0,1.0
3074,https://sportfunder.com/warhawksbaseball/29893,found,trust,14.0,4.0
3092,https://sportfunder.com/kumakechjames/26738,top,trust,13.0,1.0
3106,https://sportfunder.com/averybellas_/40603,passion,trust,6.0,0.0
3109,https://sportfunder.com/emmaweiss_/39453,passion,trust,6.0,0.0
3112,https://sportfunder.com/gracedakuginow/39454,passion,trust,6.0,0.0
3115,https://sportfunder.com/audrinaluchinolorentz_/39458,passion,trust,6.0,0.0
3130,https://sportfunder.com/mariahbradley_/39460,passion,trust,3.0,0.0
3133,https://sportfunder.com/kaitlyndugan_/39465,passion,trust,3.0,0.0
3136,https://sportfunder.com/spiritgymnastics/31223,passion,trust,3.0,0.0
3139,https://sportfunder.com/bhadradhinesh_/31484,passion,trust,3.0,0.0
3142,https://sportfunder.com/spiritgymnastics/31922,top,trust,11.0,1.0
3154,https://sportfunder.com/spiritgymnastics/40568,money,trust,5.0,0.0
3159,https://sportfunder.com/gavriellebratis_/40598,passion,trust,3.0,0.0
3162,https://sportfunder.com/nebassinri/30903,director,trust,5.0,4.0
3171,https://sportfunder.com/nyjahturner/31179,passion,trust,9.0,1.0
3181,https://sportfunder.com/djtravelbaseball/40404,team,trust,2.0,0.0
3183,https://sportfunder.com/rajkovicpusonjic/28328,team,trust,17.0,2.0
3202,https://sportfunder.com/newcastleavengersbasketballclub/29352,youth,fear,6.0,5.0
3213,https://sportfunder.com/samedney/31205,TRUE,trust,9.0,0.0
3222,https://sportfunder.com/amberkennedy/27712,succeed,trust,9.0,3.0
3234,https://sportfunder.com/westsidewanderersmarchingclub/27785,team,trust,6.0,1.0
3241,https://sportfunder.com/newzealanddeaffootball/29380,top,trust,12.0,1.0
3254,https://sportfunder.com/jackiewatene_/31059,passion,trust,7.0,2.0
3263,https://sportfunder.com/testinganotherteamcreation/26127,team,trust,17.0,1.0
3281,https://sportfunder.com/dan1282/28268,cosmopolitan,trust,10.0,1.0
3292,https://sportfunder.com/stactennis/29105,team,trust,12.0,1.0
3305,https://sportfunder.com/vincenzo/29441,passion,trust,3.0,2.0
3310,https://sportfunder.com/dinokocityroversfc/30956,youth,fear,7.0,5.0
3322,https://sportfunder.com/jamesibrahim/26737,passion,trust,7.0,2.0
3331,https://sportfunder.com/ryderpennington/28041,nation,trust,5.0,2.0
3338,https://sportfunder.com/benmason/31687,father,trust,6.0,2.0
3346,https://sportfunder.com/pureperformance/24116,team,trust,10.0,0.0
3356,https://sportfunder.com/saharidumainisinamo/29606,journey,fear,9.0,4.0
3369,https://sportfunder.com/tanyabottomley/29458,passion,trust,5.0,1.0
3375,https://sportfunder.com/alexanderhaserodt/29464,swim,fear,6.0,1.0
3382,https://sportfunder.com/localnashvillesoccerteam/31460,team,trust,19.0,1.0
3402,https://sportfunder.com/paraeqrider/28107,nation,trust,17.0,7.0
3426,https://sportfunder.com/risingshuttlers/27631,bad,fear,9.0,2.0
3437,https://sportfunder.com/joshadegoke/30984,nation,trust,8.0,2.0
3447,https://sportfunder.com/prestigeventures/23930,coach,trust,7.0,0.0
3454,https://sportfunder.com/edwinonchonga/28374,top,trust,4.0,2.0
3460,https://sportfunder.com/sailorshockeyteam/26742,team,trust,32.0,9.0
3501,https://sportfunder.com/teamfittertec/28190,team,trust,14.0,0.0
3515,https://sportfunder.com/manzerbasketballclub/24643,team,trust,12.0,0.0
3527,https://sportfunder.com/christiantroncoppola/30867,difficult,fear,7.0,4.0
3538,https://sportfunder.com/risejiujitsu/29089,victim,fear,13.0,2.0
3553,https://sportfunder.com/khanyisanifootballclub/28134,wear,trust,4.0,0.0
3557,https://sportfunder.com/khanyisaniladiesfootballclub/27483,esteem,trust,9.0,0.0
3566,https://sportfunder.com/moscowwrestlingclub/25255,champion,trust,21.0,0.0
3587,https://sportfunder.com/tallissaedwards/6022,team,trust,2.0,0.0
3589,https://sportfunder.com/mcgillcheerleading/478,team,trust,17.0,0.0
3606,https://sportfunder.com/wanderersrfc/23577,intend,trust,15.0,0.0
3621,https://sportfunder.com/mcgillsynchro/770,swim,fear,8.0,6.0
3635,https://sportfunder.com/mcgillfigureskating/13,team,trust,14.0,0.0
3649,https://sportfunder.com/bellerebelfreestyle/25921,rebel,fear,19.0,3.0
3671,https://sportfunder.com/carabinsskialpin/9750,team,trust,28.0,0.0
3699,https://sportfunder.com/categuica/23099,shoulder,trust,5.0,1.0
3705,https://sportfunder.com/uqamcheerleading/1913,nation,trust,11.0,0.0
3716,https://sportfunder.com/dawsoncollegewomensbasketball/10594,team,trust,13.0,3.0
3732,https://sportfunder.com/hiboux/22140,leader,trust,8.0,1.0
3741,https://sportfunder.com/coachaj/22982,team,trust,14.0,1.0
3756,https://sportfunder.com/savateteamcanada/10118,proven,trust,15.0,4.0
3775,https://sportfunder.com/uqamcheerleading/24614,team,trust,12.0,1.0
3788,https://sportfunder.com/ymhawolfpackelite/3389,hope,trust,13.0,1.0
3802,https://sportfunder.com/mcgillalpineskiteam/13070,team,trust,39.0,1.0
3842,https://sportfunder.com/lslu19aa/19817,team,trust,23.0,1.0
3866,https://sportfunder.com/mcgillkingames/16833,excel,trust,18.0,0.0
3884,https://sportfunder.com/dawsonbluescoedvolleyball/23328,team,trust,11.0,0.0
3895,https://sportfunder.com/bluesrfc/22792,team,trust,16.0,0.0
3911,https://sportfunder.com/uqamsoccer/14485,team,trust,6.0,0.0
3917,https://sportfunder.com/alsports/13353,team,trust,6.0,1.0
3924,https://sportfunder.com/nicholaslopez_/22863,top,trust,10.0,1.0
3935,https://sportfunder.com/markplastina/23092,court,fear,21.0,2.0
3958,https://sportfunder.com/mikaisthebestallthetime/25891,medal,trust,13.0,0.0
3971,https://sportfunder.com/teampmmafightersmanagement/25908,team,trust,15.0,1.0
3987,https://sportfunder.com/saintlaurentspartans/25925,saint,trust,17.0,1.0
4005,https://sportfunder.com/testingcampaigncreationmichael/26736,award,trust,5.0,1.0
4011,https://sportfunder.com/michaelshpigelman/27472,top,trust,4.0,2.0
4017,https://sportfunder.com/michaelshpigelman/27473,top,trust,4.0,2.0
4023,https://sportfunder.com/hellomanaaa/28182,top,trust,4.0,2.0
4029,https://sportfunder.com/bluehounds/28257,team,trust,4.0,0.0
4033,https://sportfunder.com/jazzy/28282,medal,trust,13.0,0.0
4046,https://sportfunder.com/pmmafighters/30822,top,trust,13.0,0.0
4059,https://sportfunder.com/swmodiscgolfers/27579,grow,trust,9.0,0.0
4068,https://sportfunder.com/tomcampbell/25467,champion,trust,3.0,2.0
4073,https://sportfunder.com/danielletravis/27221,nation,trust,22.0,2.0
4097,https://sportfunder.com/dnaquidditchclub/40332,top,trust,10.0,1.0
4108,https://sportfunder.com/jessica/27711,share,trust,14.0,1.0
4123,https://sportfunder.com/tfsyouthdevelopment/31219,youth,fear,9.0,8.0
4140,https://sportfunder.com/letsplayhockey-mk/29374,team,trust,22.0,3.0
4165,https://sportfunder.com/teamgeorgia12u-cooperstown2021/31477,team,trust,13.0,0.0
4178,https://sportfunder.com/josiahgilbert/40322,top,trust,1.0,0.0
4179,https://sportfunder.com/emaary/24067,calf,trust,8.0,1.0
4188,https://sportfunder.com/romanipeoplefootballteam/24259,team,trust,11.0,1.0
4200,https://sportfunder.com/giovanni/27942,excel,trust,14.0,1.0
4215,https://sportfunder.com/halfwayhousedragons/31090,dragon,fear,13.0,5.0
4233,https://sportfunder.com/williamyves/31203,share,trust,15.0,9.0
4257,https://sportfunder.com/alejandromenendez/298,champion,trust,5.0,1.0
4263,https://sportfunder.com/deluken/28616,top,trust,4.0,3.0
4270,https://sportfunder.com/fernanda/27575,establish,trust,5.0,10.0
4285,https://sportfunder.com/metroelitebasketballclub/29318,establish,trust,11.0,0.0
4296,https://sportfunder.com/nevelledurawo/28290,youth,fear,10.0,1.0
4307,https://sportfunder.com/nevelledurawo/28297,youth,fear,10.0,1.0
4318,https://sportfunder.com/nevelledurawo/28671,journey,fear,3.0,2.0
4323,https://sportfunder.com/mbjjf/30648,govern,trust,19.0,0.0
4342,https://sportfunder.com/shinjuaikidodojo/29449,school,trust,12.0,10.0
4364,https://sportfunder.com/nikkiking/40334,journey,fear,7.0,4.0
4375,https://sportfunder.com/phakoamashape/28350,excel,trust,8.0,0.0
4383,https://sportfunder.com/jamesmolorane/31175,passion,trust,4.0,1.0
4388,https://sportfunder.com/acs/29555,cover,trust,9.0,2.0
4399,https://sportfunder.com/brandon/4762,team,trust,25.0,2.0
4426,https://sportfunder.com/fbal/27750,trainer,trust,5.0,2.0
4433,https://sportfunder.com/kccare/26684,top,trust,15.0,1.0
4449,https://sportfunder.com/kccare/26679,top,trust,15.0,1.0
4465,https://sportfunder.com/mariettacollegemensbasketball/26080,team,trust,11.0,1.0
4477,https://sportfunder.com/copaforce1/27810,neighbor,trust,9.0,1.0
4487,https://sportfunder.com/tpwomens/24155,team,trust,13.0,1.0
4501,https://sportfunder.com/upeepz/6874,base,trust,6.0,2.0
4509,https://sportfunder.com/deftacribeirobjjphilippines/16921,level,trust,18.0,7.0
4534,https://sportfunder.com/malindiboxingclub/24101,coach,trust,20.0,6.0
4560,https://sportfunder.com/sooteckzhijerry/30953,passion,trust,3.0,0.0
4563,https://sportfunder.com/malacky/31098,top,trust,12.0,1.0
4576,https://sportfunder.com/susma/27806,coach,trust,4.0,0.0
4580,https://sportfunder.com/ray/27840,journey,fear,3.0,2.0
4585,https://sportfunder.com/rene/23485,found,trust,18.0,0.0
4603,https://sportfunder.com/venezuelaworldtoeikankarate/24003,nation,trust,17.0,2.0
4622,https://sportfunder.com/dakotadey/31541,passion,trust,3.0,1.0
4626,https://sportfunder.com/nathangardner/31561,passion,trust,6.0,0.0
4632,https://sportfunder.com/oasissportingclub/30973,top,trust,12.0,1.0
4645,https://sportfunder.com/swapnilkumar/28332,level,trust,4.0,2.0
4651,https://sportfunder.com/lizmcternan/27687,swim,fear,6.0,4.0
4661,https://sportfunder.com/westsidetrackclub/31831,top,trust,13.0,0.0
4674,https://sportfunder.com/tylerbrw/31888,passion,trust,6.0,0.0
4680,https://sportfunder.com/ballardfootball/29158,top,trust,12.0,1.0
4693,https://sportfunder.com/beechmontbaseball/31222,youth,fear,6.0,1.0
4700,https://sportfunder.com/jalenlamarhenry/30930,brother,trust,14.0,3.0
4717,https://sportfunder.com/crenshawramsfutureleague/27735,top,trust,10.0,1.0
4728,https://sportfunder.com/morganhill/29522,team,trust,16.0,0.0
4744,https://sportfunder.com/londonsynchrouniversity/23070,team,trust,15.0,3.0
4762,https://sportfunder.com/rossrichardson/28685,journey,fear,3.0,1.0
4766,https://sportfunder.com/londongirlsindoorsoccer/31543,hope,trust,6.0,0.0
4772,https://sportfunder.com/slovenialacrosse/25162,team,trust,8.0,0.0
4780,https://sportfunder.com/samwilson/28276,money,trust,6.0,1.0
4787,https://sportfunder.com/anlcoastal/40433,nation,trust,9.0,1.0
4797,https://sportfunder.com/liionsfc/28096,team,trust,7.0,2.0
4806,https://sportfunder.com/rawofootballacademyrfa/28219,religion,trust,49.0,8.0
4863,https://sportfunder.com/rawofootballacademyrfa/28716,youth,fear,11.0,2.0
4876,https://sportfunder.com/caitlinpurcell/8826,school,trust,11.0,1.0
4888,https://sportfunder.com/nigerianfencing/30935,bless,trust,7.0,0.0
4895,https://sportfunder.com/legiongaming/29546,top,trust,14.0,1.0
4910,https://sportfunder.com/kcscblitzsoftball/27629,team,trust,12.0,0.0
4922,https://sportfunder.com/serenityhanson/27725,top,trust,4.0,2.0
4928,https://sportfunder.com/ritalazar/23881,passion,trust,3.0,0.0
4931,https://sportfunder.com/spartanparentboosterclub/26741,establish,trust,7.0,0.0
4938,https://sportfunder.com/anastasija/28122,passion,trust,10.0,0.0
4948,https://sportfunder.com/teamguyracing/28093,team,trust,16.0,0.0
4964,https://sportfunder.com/selasvegasriot/29106,riot,fear,9.0,4.0
4977,https://sportfunder.com/fullcourtfiesta/31895,court,fear,4.0,2.0
4983,https://sportfunder.com/ameliagonzalez_/39408,passion,trust,3.0,0.0
4986,https://sportfunder.com/kirkfieldunitedamateurs/31049,team,trust,9.0,1.0
4996,https://sportfunder.com/syedlabeeq/28135,succeed,trust,4.0,0.0
5000,https://sportfunder.com/free4fun/28086,top,trust,13.0,1.0
5014,https://sportfunder.com/royalfootballclublagos/31322,found,trust,2.0,2.0
5018,https://sportfunder.com/thurstoncountysay/31471,top,trust,12.0,1.0
5031,https://sportfunder.com/evdokymovracing/31207,passion,trust,3.0,0.0
5034,https://sportfunder.com/febil/29867,passion,trust,3.0,1.0
5038,https://sportfunder.com/ipelengmachwisa/28673,top,trust,12.0,1.0
5051,https://sportfunder.com/gemcitythrowbacks11u/26609,top,trust,11.0,1.0
5063,https://sportfunder.com/jamesmwaura/30959,passion,trust,9.0,2.0
5074,https://sportfunder.com/medineriverrace/28108,top,trust,4.0,2.0
5080,https://sportfunder.com/medineriverrace/28109,proud,trust,3.0,0.0
5083,https://sportfunder.com/mujtaba/30954,passion,trust,3.0,2.0
5088,https://sportfunder.com/mohsinkamran/31127,passion,trust,3.0,0.0
5091,https://sportfunder.com/mollyjean/27723,team,trust,6.0,1.0
5098,https://sportfunder.com/paigeflanders/28670,team,trust,4.0,2.0
5104,https://sportfunder.com/kjhsladykays/26060,team,trust,10.0,1.0
5115,https://sportfunder.com/denismusali/27837,team,trust,8.0,0.0
5123,https://sportfunder.com/akuwaderick/27878,partnership,trust,9.0,1.0
5133,https://sportfunder.com/morganendean/3413,green,trust,7.0,1.0
5141,https://sportfunder.com/2015worldgymnaestrada/10242,team,trust,9.0,0.0
5150,https://sportfunder.com/kiranashankarchawan/28360,level,trust,6.0,2.0
5158,https://sportfunder.com/josiahranderson/29572,nation,trust,5.0,2.0
5165,https://sportfunder.com/elizabethsaliba/29928,nation,trust,5.0,0.0
5170,https://sportfunder.com/jean-marcmalkowski/30916,nation,trust,10.0,2.0
5182,https://sportfunder.com/upjvoll/31196,friend,trust,7.0,1.0
5190,https://sportfunder.com/lucassithole/27914,grow,trust,5.0,3.0
5198,https://sportfunder.com/jepperowing/27835,team,trust,54.0,2.0
5254,https://sportfunder.com/leecrossland/28099,school,trust,39.0,10.0
5303,https://sportfunder.com/titansrugby/28274,top,trust,13.0,0.0
5316,https://sportfunder.com/nkosinathihlongwane/29622,TRUE,trust,4.0,1.0
5321,https://sportfunder.com/tafararugara/31054,passion,trust,3.0,0.0
5324,https://sportfunder.com/steelforceelitecom/27817,star,trust,16.0,1.0
5341,https://sportfunder.com/karah/31463,passion,trust,3.0,0.0
5344,https://sportfunder.com/jagjitsengupta/28266,trust,trust,15.0,0.0
5359,https://sportfunder.com/jasonandmsamiltia/28013,militia,fear,13.0,3.0
5375,https://sportfunder.com/jameslanerimilitia/28011,star,trust,13.0,1.0
5389,https://sportfunder.com/jamiesonstone/31209,passion,trust,4.0,0.0
5393,https://sportfunder.com/micheledec/28005,hope,trust,1.0,0.0
5394,https://sportfunder.com/sportingclubcalifornia/30886,top,trust,12.0,2.0
5408,https://sportfunder.com/dynamicathletemanagement/25259,top,trust,9.0,0.0
5417,https://sportfunder.com/danbenin/26070,team,trust,7.0,0.0
5424,https://sportfunder.com/james/31612,passion,trust,8.0,2.0
5434,https://sportfunder.com/12uastrossoftball/26689,excel,trust,6.0,0.0
5440,https://sportfunder.com/reaghan/26705,team,trust,6.0,0.0
5446,https://sportfunder.com/prudentmotorsports/28209,prudent,trust,40.0,1.0
5487,https://sportfunder.com/sudeep/30885,passion,trust,3.0,0.0
5490,https://sportfunder.com/sjsjsjdhdhf/31329,proud,trust,10.0,0.0
5500,https://sportfunder.com/jaybanlasan/29453,journey,fear,10.0,10.0
5520,https://sportfunder.com/ol/28097,nation,trust,6.0,2.0
5528,https://sportfunder.com/woodstudgameproject/30992,govern,trust,6.0,3.0
5537,https://sportfunder.com/kasopeajibola/27627,friend,trust,8.0,0.0
5545,https://sportfunder.com/hopeisalivesoccerfoundationteam/29286,hope,trust,14.0,7.0
5566,https://sportfunder.com/ianrodriguez_eliogas_baseballfactory/28082,nation,trust,18.0,0.0
5584,https://sportfunder.com/bronner/29094,honor,trust,2.0,1.0
5587,https://sportfunder.com/hungarianscamps/24204,team,trust,15.0,0.0
5602,https://sportfunder.com/tanjabester/28285,school,trust,12.0,0.0
5614,https://sportfunder.com/rijekatorpedoes/31051,honor,trust,7.0,0.0
5621,https://sportfunder.com/deidra/31251,passion,trust,6.0,0.0
5627,https://sportfunder.com/saucefambasketballclub/30997,youth,fear,12.0,2.0
5641,https://sportfunder.com/bbcgrengewaldhueschtert/31118,youth,fear,10.0,1.0
5652,https://sportfunder.com/ebc/31003,youth,fear,1.0,3.0
5656,https://sportfunder.com/khloedefiesta/40391,passion,trust,5.0,3.0
5664,https://sportfunder.com/popwarnercentraltrojansvarsity/30653,top,trust,11.0,1.0
5676,https://sportfunder.com/highdesertpumas/31356,desert,fear,9.0,10.0
5695,https://sportfunder.com/rebelssoccer/30848,rebel,fear,7.0,4.0
5706,https://sportfunder.com/tremenheeresportsacademy/30825,top,trust,10.0,1.0
5717,https://sportfunder.com/naanaadusei/30944,cover,trust,3.0,0.0
5720,https://sportfunder.com/leahbrockman/27540,coach,trust,12.0,0.0
5732,https://sportfunder.com/jorgemartinez/29353,top,trust,4.0,2.0
5738,https://sportfunder.com/lewisgurupira/30657,team,trust,9.0,0.0
5747,https://sportfunder.com/mattomalley/27760,money,trust,8.0,3.0
5758,https://sportfunder.com/mcmasterdragonboat/5466,dragon,fear,25.0,11.0
5794,https://sportfunder.com/shawntaunton/27804,brother,trust,23.0,6.0
5823,https://sportfunder.com/hamburgyounghuskies/28316,youth,fear,28.0,6.0
5857,https://sportfunder.com/smudance/21004,saint,trust,21.0,0.0
5878,https://sportfunder.com/youngindiasportsacademy/29881,top,trust,11.0,1.0
5890,https://sportfunder.com/fieldhockeygroupguelph/27207,coach,trust,9.0,0.0
5899,https://sportfunder.com/lucycenteno/29890,constrain,fear,8.0,2.0
5909,https://sportfunder.com/greenvalleypirates/27780,green,trust,14.0,0.0
5923,https://sportfunder.com/bradprescott/29140,pay,trust,5.0,2.0
5930,https://sportfunder.com/greencastlegoldenknightsmensbasketball/30823,top,trust,8.0,0.0
5938,https://sportfunder.com/aemstylidas/28008,coach,trust,7.0,1.0
5946,https://sportfunder.com/iraklisvolley/30951,team,trust,7.0,0.0
5953,https://sportfunder.com/granadacc/40222,real,trust,28.0,1.0
5982,https://sportfunder.com/spainyouthlax/28092,youth,fear,,1.0
5983,https://sportfunder.com/greenbaypackers/25462,team,trust,18.0,1.0
6002,https://sportfunder.com/christiannewman/27622,journey,fear,3.0,2.0
6007,https://sportfunder.com/gemmaf/29813,establish,trust,13.0,4.0
6024,https://sportfunder.com/maartenvandekerckhove/30645,gent,fear,3.0,1.0
6028,https://sportfunder.com/adriandean/30907,passion,trust,8.0,0.0
6036,https://sportfunder.com/teambussolinosport/29618,team,trust,30.0,3.0
6069,https://sportfunder.com/reubyn/27765,money,trust,4.0,0.0
6073,https://sportfunder.com/struck2022/27895,level,trust,11.0,2.0
6086,https://sportfunder.com/tumisang/29871,passion,trust,6.0,3.0
6095,https://sportfunder.com/teamswedenallgirl/23756,team,trust,4.0,0.0
6099,https://sportfunder.com/racheldoyle/29077,top,trust,4.0,2.0
6105,https://sportfunder.com/friscofurylacrosse/28618,enjoy,trust,13.0,1.0
6119,https://sportfunder.com/paulcisneros/28293,school,trust,8.0,2.0
6129,https://sportfunder.com/alexcolpitts/3713,pay,trust,8.0,0.0
6137,https://sportfunder.com/alexcolpitts/9122,school,trust,19.0,12.0
6168,https://sportfunder.com/chrisgallop/21823,level,trust,13.0,0.0
6181,https://sportfunder.com/alexcolpitts/24115,journey,fear,12.0,7.0
6200,https://sportfunder.com/newworldbball/27861,team,trust,6.0,2.0
6208,https://sportfunder.com/westernville1892cf/31825,team,trust,11.0,2.0
6221,https://sportfunder.com/sheilajane/29354,top,trust,4.0,2.0
6227,https://sportfunder.com/michaelarmstrong/28354,top,trust,4.0,1.0
6232,https://sportfunder.com/micheleschiebel/31377,team,trust,3.0,0.0
6235,https://sportfunder.com/coltonhall/4094,nation,trust,24.0,1.0
6260,https://sportfunder.com/alexandragagnon/4122,nation,trust,3.0,0.0
6263,https://sportfunder.com/highplainsgymnastics/31014,team,trust,9.0,0.0
6272,https://sportfunder.com/marylandfreedom/27849,freedom,trust,15.0,0.0
6287,https://sportfunder.com/katebouck/40377,passion,trust,4.0,0.0
6291,https://sportfunder.com/highaltitudetrainingofarizona/29623,team,trust,3.0,0.0
6294,https://sportfunder.com/jeffreysduo/28295,youth,fear,10.0,3.0
6307,https://sportfunder.com/elitespikersvolleyballclub/31331,establish,trust,14.0,0.0
6321,https://sportfunder.com/lahcenoulhadj/28196,top,trust,6.0,2.0
6329,https://sportfunder.com/karagoodman/4546,nation,trust,1.0,0.0
6330,https://sportfunder.com/liamteetzel/4842,found,trust,11.0,1.0
6342,https://sportfunder.com/joebrown/24740,team,trust,6.0,0.0
6348,https://sportfunder.com/eugenelightning05/27745,base,trust,15.0,0.0
6363,https://sportfunder.com/carissaholinaty/24929,school,trust,12.0,4.0
6379,https://sportfunder.com/legacycf/29908,team,trust,6.0,0.0
6385,https://sportfunder.com/rebeccarichards/31369,passion,trust,1.0,0.0
6386,https://sportfunder.com/michaelknupfer/29540,excel,trust,9.0,3.0
6398,https://sportfunder.com/spectrumathletics/40325,team,trust,7.0,1.0
6406,https://sportfunder.com/spectrumvolleyball/31869,team,trust,4.0,0.0
6410,https://sportfunder.com/spectrumathletics/31891,cross,fear,6.0,2.0
6418,https://sportfunder.com/spectrumboysbasketball/31847,team,trust,4.0,0.0
6422,https://sportfunder.com/spectrumathletics/40406,team,trust,7.0,0.0
6429,https://sportfunder.com/spectrumathletics/40432,team,trust,7.0,0.0
6436,https://sportfunder.com/spectrumathletics/31693,count,trust,10.0,2.0
6448,https://sportfunder.com/spectrumathletics/31256,cross,fear,17.0,3.0
6468,https://sportfunder.com/spectrumstingdanceteam/31855,team,trust,3.0,0.0
6471,https://sportfunder.com/spectrumathletics/40110,generous,trust,5.0,0.0
6476,https://sportfunder.com/immanuelchristianschoolgirlsbasketball/40240,school,trust,13.0,1.0
6490,https://sportfunder.com/epolimpiafc/27499,level,trust,12.0,1.0
6503,https://sportfunder.com/cheerleaders/29351,journey,fear,3.0,3.0
6509,https://sportfunder.com/gridironsouthafrica/28015,youth,fear,9.0,2.0
6520,https://sportfunder.com/girlssportyeg/31521,grow,trust,40.0,4.0
6564,https://sportfunder.com/jordanlandry/4242,passion,trust,9.0,2.0
6575,https://sportfunder.com/savannahdubien/8662,journey,fear,,1.0
6576,https://sportfunder.com/zoecronin/26042,grant,trust,15.0,1.0
6592,https://sportfunder.com/edmontontsunamiwaterpoloclub/31208,coach,trust,4.0,0.0
6596,https://sportfunder.com/yochana/11422,team,trust,23.0,0.0
6619,https://sportfunder.com/alexcevallos/31816,passion,trust,3.0,0.0
6622,https://sportfunder.com/crankwrestling/25227,count,trust,18.0,4.0
6644,https://sportfunder.com/mrjjsmet/29911,passion,trust,4.0,0.0
6648,https://sportfunder.com/kznroguesquadron/24817,combat,fear,5.0,2.0
6655,https://sportfunder.com/jekopemaiono/27205,team,trust,4.0,0.0
6659,https://sportfunder.com/teammetalize/25017,grow,trust,4.0,1.0
6664,https://sportfunder.com/aymeric/29601,journey,fear,5.0,2.0
6671,https://sportfunder.com/jcc/21292,eager,trust,24.0,3.0
6698,https://sportfunder.com/sequoyahmiddleschoolboysbasketball/29917,school,trust,18.0,0.0
6716,https://sportfunder.com/teamfinish/29136,coach,trust,14.0,1.0
6731,https://sportfunder.com/dipologfutballacademy/26667,assist,trust,7.0,1.0
6739,https://sportfunder.com/dfa-dipologfutballacademy/26670,assist,trust,7.0,1.0
6747,https://sportfunder.com/alexverschaeren/31064,passion,trust,6.0,2.0
6755,https://sportfunder.com/alexverschaeren/40227,passion,trust,5.0,0.0
6760,https://sportfunder.com/ashatowasportsacademy/30943,top,trust,12.0,1.0
6773,https://sportfunder.com/hordemma/28039,team,trust,10.0,0.0
6783,https://sportfunder.com/acscrossoverdeva/27715,pest,fear,20.0,4.0
6807,https://sportfunder.com/desmoineslincolnboysbasketball/29320,team,trust,12.0,3.0
6822,https://sportfunder.com/mountrainierhighschoolfootballteam/25085,school,trust,18.0,0.0
6840,https://sportfunder.com/iowachill/30937,base,trust,14.0,1.0
6855,https://sportfunder.com/keirasnyman/28254,passion,trust,38.0,4.0
6897,https://sportfunder.com/tahnawilfley/28292,youth,fear,4.0,4.0
6905,https://sportfunder.com/rileyscrogham/28110,watch,fear,14.0,6.0
6925,https://sportfunder.com/denisondynamitesoccer/40108,team,trust,21.0,1.0
6947,https://sportfunder.com/sportiz/27934,journey,fear,3.0,3.0
6953,https://sportfunder.com/centervillelacrosse/26062,friend,trust,15.0,1.0
6969,https://sportfunder.com/d-towneagles/31467,coach,trust,20.0,8.0
6997,https://sportfunder.com/sandroacademy/23884,top,trust,12.0,1.0
7010,https://sportfunder.com/frednowak/30960,hate,fear,6.0,3.0
7019,https://sportfunder.com/czechcricket/29883,team,trust,9.0,1.0
7029,https://sportfunder.com/silkrider/31163,safe,trust,4.0,2.0
7035,https://sportfunder.com/antoniochaparromontiel/29552,top,trust,4.0,2.0
7041,https://sportfunder.com/lowkeyhoops/30972,passion,trust,4.0,0.0
7045,https://sportfunder.com/jenniferforsyth/28201,perfect,trust,6.0,3.0
7054,https://sportfunder.com/academiadefutbolthunder/31201,youth,fear,12.0,1.0
7067,https://sportfunder.com/legacysports/10098,grow,trust,3.0,0.0
7070,https://sportfunder.com/inlandempireemperors/31009,top,trust,10.0,1.0
7081,https://sportfunder.com/ijkaireland/22611,passion,trust,4.0,1.0
7086,https://sportfunder.com/artesuavedk/21284,belt,fear,9.0,4.0
7099,https://sportfunder.com/sarahchappelow/30926,establish,trust,16.0,0.0
7115,https://sportfunder.com/madisonolson/31576,father,trust,7.0,0.0
7122,https://sportfunder.com/dodgeknights/24106,team,trust,2.0,0.0
7124,https://sportfunder.com/intactsportsmarketinggroup/29505,intact,trust,14.0,1.0
7139,https://sportfunder.com/coltonpony6uallstars/28022,coach,trust,6.0,1.0
7146,https://sportfunder.com/kaedecoltonashby/28265,brother,trust,13.0,1.0
7160,https://sportfunder.com/brendanyakura/3393,belt,fear,9.0,8.0
7177,https://sportfunder.com/avcc/1093,cheer,trust,16.0,5.0
7198,https://sportfunder.com/mikhilagemaat/8578,nation,trust,26.0,2.0
7226,https://sportfunder.com/claupavia/30834,passion,trust,2.0,0.0
7228,https://sportfunder.com/jackcotton/28198,passion,trust,14.0,0.0
7242,https://sportfunder.com/shahedkhan/29359,khan,fear,16.0,5.0
7263,https://sportfunder.com/matiascandia/40123,deport,fear,7.0,2.0
7272,https://sportfunder.com/farrahcompetesinaustraliaandtheusa/27754,school,trust,4.0,0.0
7276,https://sportfunder.com/ryanmiller/31191,passion,trust,3.0,0.0
7279,https://sportfunder.com/prasannadhamodharan/29400,level,trust,6.0,3.0
7288,https://sportfunder.com/nivethajessica/29600,nation,trust,6.0,2.0
7296,https://sportfunder.com/mcdo/29411,team,trust,5.0,2.0
7303,https://sportfunder.com/camillerioux/4878,wear,trust,2.0,0.0
7305,https://sportfunder.com/upeisynchronizedswimming/778,swim,fear,7.0,2.0
7314,https://sportfunder.com/upeiswimming/798,swim,fear,9.0,1.0
7324,https://sportfunder.com/upeiswimming/9070,team,trust,7.0,5.0
7336,https://sportfunder.com/kenbiddle/29592,rule,fear,7.0,4.0
7347,https://sportfunder.com/kowarrior/28073,warrior,fear,10.0,5.0
7362,https://sportfunder.com/maxmiller/31860,top,trust,4.0,0.0
7366,https://sportfunder.com/crusadersfa/25592,school,trust,13.0,1.0
7380,https://sportfunder.com/canibarugby/27756,nation,trust,4.0,0.0
7384,https://sportfunder.com/asociaciondecanotajededistritocapital/23611,team,trust,15.0,1.0
7400,https://sportfunder.com/garethmo/28355,journey,fear,6.0,3.0
7409,https://sportfunder.com/kira/31822,passion,trust,5.0,0.0
7414,https://sportfunder.com/ayrtonterrazas/40375,passion,trust,3.0,0.0
7417,https://sportfunder.com/mountedgamesassociation/22649,team,trust,19.0,0.0
7436,https://sportfunder.com/southafricanrugbyleague/27777,top,trust,6.0,3.0
7445,https://sportfunder.com/kierancourt/28020,court,fear,12.0,1.0
7458,https://sportfunder.com/kyleflanagan/29445,champion,trust,3.0,0.0
7461,https://sportfunder.com/charlesvandervindt/29929,difficult,fear,7.0,2.0
7470,https://sportfunder.com/kccommunitysportsdevelopmentclub/31052,passion,trust,3.0,0.0
7473,https://sportfunder.com/chiaravorster/31497,loss,fear,,2.0
7475,https://sportfunder.com/robin/27784,team,trust,12.0,5.0
7492,https://sportfunder.com/ambie/28370,swim,fear,1.0,6.0
7499,https://sportfunder.com/hanscoetzee/29289,school,trust,6.0,0.0
7505,https://sportfunder.com/lazolasobende/29856,passion,trust,5.0,0.0
7510,https://sportfunder.com/fastandfemale/4418,friend,trust,8.0,0.0
7518,https://sportfunder.com/albertaworldcupacademy/6026,team,trust,19.0,0.0
7537,https://sportfunder.com/juniorwaterskicanada/15813,team,trust,18.0,0.0
7555,https://sportfunder.com/sambocanada/818,friend,trust,11.0,1.0
7567,https://sportfunder.com/canadabeermileteam/22396,team,trust,7.0,1.0
7575,https://sportfunder.com/canada4rio/24420,wear,trust,4.0,2.0
7581,https://sportfunder.com/lauraschulz/28206,school,trust,7.0,6.0
7594,https://sportfunder.com/camagueybaseballclub/27915,school,trust,9.0,1.0
7604,https://sportfunder.com/suelgaming/31096,money,trust,5.0,0.0
7609,https://sportfunder.com/sportingclubcalifornia2020/31464,top,trust,13.0,1.0
7623,https://sportfunder.com/teammileswka/2609,honor,trust,14.0,0.0
7637,https://sportfunder.com/adamthomson/4650,nation,trust,7.0,1.0
7645,https://sportfunder.com/adamthomson/19821,nation,trust,21.0,3.0
7669,https://sportfunder.com/teammileswka/25062,team,trust,16.0,6.0
7691,https://sportfunder.com/dinosrowamillionmeters/30990,team,trust,8.0,0.0
7699,https://sportfunder.com/dinosrowing/27595,team,trust,8.0,0.0
7707,https://sportfunder.com/teammiles/2605,cover,trust,25.0,1.0
7733,https://sportfunder.com/ippondojo/18377,level,trust,8.0,0.0
7741,https://sportfunder.com/craignadeau/31109,nation,trust,6.0,0.0
7747,https://sportfunder.com/lionsyouthsports/27758,lion,fear,11.0,4.0
7762,https://sportfunder.com/maliariordan/31111,passion,trust,14.0,0.0
7776,https://sportfunder.com/burlingtonhsboystrackandfield/26077,school,trust,29.0,3.0
7808,https://sportfunder.com/pacificnwselects/40281,top,trust,12.0,1.0
7821,https://sportfunder.com/tubatseringballclub/29905,team,trust,12.0,0.0
7833,https://sportfunder.com/iarom/40482,journey,fear,16.0,1.0
7850,https://sportfunder.com/argentinewomenscricketteam/31456,team,trust,4.0,1.0
7855,https://sportfunder.com/valherjes/30840,powerful,fear,6.0,3.0
7864,https://sportfunder.com/balazszsamboki/28112,TRUE,trust,7.0,1.0
7872,https://sportfunder.com/budapestreds/30835,coach,trust,8.0,3.0
7883,https://sportfunder.com/ungermatics/15401,nation,trust,16.0,1.0
7900,https://sportfunder.com/kanyonraft/22024,team,trust,5.0,1.0
7906,https://sportfunder.com/saramihalik/27213,nation,trust,18.0,2.0
7926,https://sportfunder.com/alexandrugheorghe/28349,top,trust,5.0,2.0
7933,https://sportfunder.com/leobaeten/31119,watch,fear,5.0,2.0
7940,https://sportfunder.com/brooklinehighschoolrugby/40255,school,trust,5.0,0.0
7945,https://sportfunder.com/ubcultimate/1433,team,trust,12.0,0.0
7957,https://sportfunder.com/josh/31355,passion,trust,15.0,2.0
7974,https://sportfunder.com/josh/31170,level,trust,13.0,0.0
7987,https://sportfunder.com/josh/31560,passion,trust,9.0,0.0
7996,https://sportfunder.com/michelemullen/29389,eel,fear,7.0,3.0
8006,https://sportfunder.com/miroslavaargalasova/31550,money,trust,8.0,3.0
8017,https://sportfunder.com/gila/28032,top,trust,4.0,2.0
8023,https://sportfunder.com/bradfordcrosscountrytrackandfield/40570,cross,fear,11.0,6.0
8040,https://sportfunder.com/vincentbonacci/31312,constant,trust,1.0,2.0
8043,https://sportfunder.com/nicolastoro/29095,friend,trust,7.0,1.0
8051,https://sportfunder.com/lorentinapasaribu/31172,passion,trust,3.0,0.0
8054,https://sportfunder.com/alabamastriders/31520,top,trust,10.0,1.0
8065,https://sportfunder.com/conestogagirlsbasketball/31258,team,trust,15.0,3.0
8083,https://sportfunder.com/conestogagirlsbasketball/40218,coach,trust,9.0,1.0
8093,https://sportfunder.com/whitedevils/31362,devil,fear,3.0,1.0
8097,https://sportfunder.com/sydneykoevoet/4866,passion,trust,9.0,1.0
8107,https://sportfunder.com/graficarrowingclub/25632,top,trust,10.0,2.0
8119,https://sportfunder.com/nolanhuysmans/29153,champion,trust,7.0,1.0
8127,https://sportfunder.com/dashaadjohnson/31579,passion,trust,3.0,0.0
8130,https://sportfunder.com/andrea/28137,court,fear,15.0,4.0
8149,https://sportfunder.com/cooperelkins/27551,school,trust,1.0,0.0
8150,https://sportfunder.com/stevematias/21628,belt,fear,4.0,5.0
8159,https://sportfunder.com/taylorharris/29290,team,trust,5.0,2.0
8166,https://sportfunder.com/libertysoftball/31906,magnet,trust,8.0,0.0
8174,https://sportfunder.com/unionathletic/40130,brother,trust,7.0,0.0
8181,https://sportfunder.com/cikititeam/23714,shoulder,trust,12.0,0.0
8193,https://sportfunder.com/sebastianquintana/29896,expect,trust,14.0,2.0
8209,https://sportfunder.com/ossosinef/31366,team,trust,5.0,2.0
8216,https://sportfunder.com/debasishmajhi/30921,taught,trust,25.0,10.0
8251,https://sportfunder.com/combinedschoolsbarbados/25828,school,trust,12.0,1.0
8264,https://sportfunder.com/rajdeepsingh/29564,friend,trust,8.0,2.0
8274,https://sportfunder.com/ashahpayson/8810,team,trust,13.0,0.0
8287,https://sportfunder.com/sannymalik/29570,top,trust,4.0,2.0
8293,https://sportfunder.com/martinpasternak/30911,passion,trust,4.0,0.0
8297,https://sportfunder.com/thekidkeeper/29443,mum,fear,4.0,2.0
8303,https://sportfunder.com/minicheerleadr/30920,passion,trust,6.0,0.0
8309,https://sportfunder.com/rtuifhfh/27680,fight,fear,5.0,19.0
8333,https://sportfunder.com/rtuifhfh/27681,fight,fear,5.0,19.0
8357,https://sportfunder.com/watchjeffhornvsgarycorcoranlivestream/27682,fight,fear,5.0,19.0
8381,https://sportfunder.com/navarrogirlssoccer/29850,school,trust,7.0,3.0
8391,https://sportfunder.com/vistapeaksoccer/26160,team,trust,8.0,0.0
8399,https://sportfunder.com/a-coroyals/27919,friend,trust,17.0,1.0
8417,https://sportfunder.com/mackenzie/30993,passion,trust,3.0,0.0
8420,https://sportfunder.com/nualaedmundson/30958,passion,trust,3.0,0.0
8423,https://sportfunder.com/eronileilua/31046,friend,trust,3.0,1.0
8427,https://sportfunder.com/meikevoigt/31085,honor,trust,6.0,2.0
8435,https://sportfunder.com/codybeehre/29368,team,trust,8.0,0.0
8443,https://sportfunder.com/cristinacasares/31153,nation,trust,9.0,0.0
8452,https://sportfunder.com/howickpremiermenssoftballteam/27495,team,trust,17.0,1.0
8470,https://sportfunder.com/charlottemunro/27885,top,trust,4.0,2.0
8476,https://sportfunder.com/mercedes/28314,nation,trust,21.0,2.0
8499,https://sportfunder.com/hikoirangi/28690,journey,fear,3.0,2.0
8504,https://sportfunder.com/camrynbirley/29134,team,trust,3.0,0.0
8507,https://sportfunder.com/danielle_/29349,team,trust,11.0,2.0
8520,https://sportfunder.com/amandagilfedder/29898,passion,trust,5.0,1.0
8526,https://sportfunder.com/acsharksuhockeyteam/31231,team,trust,7.0,0.0
8533,https://sportfunder.com/jaymay/40369,school,trust,13.0,3.0
8549,https://sportfunder.com/seaverking/31255,school,trust,8.0,1.0
8558,https://sportfunder.com/jockeyclubhockeyparaguay/27565,medal,trust,7.0,0.0
8565,https://sportfunder.com/oliviahennon/30864,journey,fear,7.0,4.0
8576,https://sportfunder.com/venumvolleyballaruba/29863,team,trust,5.0,0.0
8581,https://sportfunder.com/fcbarcroft/31571,level,trust,13.0,2.0
8596,https://sportfunder.com/davidzandman/27875,money,trust,3.0,1.0
8600,https://sportfunder.com/envigadofootballclub/24910,youth,fear,24.0,6.0
8630,https://sportfunder.com/annandalehighschooldanceteam/31798,school,trust,8.0,0.0
8638,https://sportfunder.com/basparinussa/30875,mother,trust,3.0,4.0
8645,https://sportfunder.com/femaleathletesbeyond/40327,friend,trust,4.0,2.0
8651,https://sportfunder.com/newsportstechnology/28024,mage,fear,26.0,1.0
8678,https://sportfunder.com/mightyducksofalberta/29252,top,trust,4.0,0.0
8682,https://sportfunder.com/haralduringolfsson/31108,passion,trust,10.0,0.0
8692,https://sportfunder.com/justinmceachern/5778,friend,trust,9.0,0.0
8701,https://sportfunder.com/airdriefcu12girls/13689,coach,trust,10.0,0.0
8711,https://sportfunder.com/ajayioluwafemi/31314,top,trust,12.0,1.0
8724,https://sportfunder.com/armagiofrondarina/30942,passion,trust,3.0,0.0
8727,https://sportfunder.com/na/30947,team,trust,7.0,1.0
8735,https://sportfunder.com/centa14sports/27747,base,trust,14.0,2.0
8751,https://sportfunder.com/phormanfootballschool/30869,school,trust,14.0,1.0
8766,https://sportfunder.com/coledunlavy/30906,passion,trust,5.0,0.0
8771,https://sportfunder.com/connorslooyer/5062,medal,trust,8.0,2.0
8781,https://sportfunder.com/brandongslooyer/5078,passion,trust,9.0,2.0
8792,https://sportfunder.com/azores-kartingchampionship/27814,usual,trust,4.0,0.0
8796,https://sportfunder.com/miljohnmaxlin/27486,youth,fear,5.0,3.0
8804,https://sportfunder.com/ulyanabatashova/29533,top,trust,3.0,1.0
8808,https://sportfunder.com/mbk/25571,court,fear,1.0,1.0
8810,https://sportfunder.com/lera/29384,top,trust,4.0,2.0
8816,https://sportfunder.com/anatoly/25148,team,trust,7.0,0.0
8823,https://sportfunder.com/larisa/27877,mother,trust,9.0,3.0
8835,https://sportfunder.com/ivanpeklin/28675,champion,trust,11.0,0.0
8846,https://sportfunder.com/mixfightzt/29571,coach,trust,12.0,3.0
8861,https://sportfunder.com/mayathebee/40314,war,fear,14.0,6.0
8881,https://sportfunder.com/americanfootballteamhawks/28207,hawk,fear,10.0,1.0
8892,https://sportfunder.com/danilonesic93/29872,passion,trust,3.0,0.0
8895,https://sportfunder.com/saidnajafzade/29615,sponsor,trust,2.0,0.0
8897,https://sportfunder.com/rugbyclubcrimeanpirates/24986,lose,fear,34.0,3.0
8934,https://sportfunder.com/sportwaytv/21673,star,trust,2.0,2.0
8938,https://sportfunder.com/sofiiakovalchuk/29858,passion,trust,3.0,0.0
8941,https://sportfunder.com/mcgillrowing/7,team,trust,12.0,0.0
8953,https://sportfunder.com/samgreer/7890,nation,trust,9.0,1.0
8963,https://sportfunder.com/mcgilltennis/52,team,trust,27.0,2.0
8992,https://sportfunder.com/davidaskwith/7878,nation,trust,9.0,1.0
9002,https://sportfunder.com/alaynascramstad/9038,team,trust,6.0,0.0
9008,https://sportfunder.com/ryleestone/8554,found,trust,15.0,2.0
9025,https://sportfunder.com/savaantic/5046,coach,trust,15.0,1.0
9041,https://sportfunder.com/hamletmunoz/5090,nation,trust,8.0,1.0
9050,https://sportfunder.com/benwilkinsonzan/7870,nation,trust,9.0,1.0
9060,https://sportfunder.com/jennjackson/7886,nation,trust,9.0,1.0
9070,https://sportfunder.com/juliansmith/8046,nation,trust,9.0,1.0
9080,https://sportfunder.com/annamanchester/9082,level,trust,6.0,0.0
9086,https://sportfunder.com/alannahmaclean/7862,nation,trust,9.0,1.0
9096,https://sportfunder.com/nationaldevelopmentcentrethunderbay/7758,nation,trust,9.0,1.0
9106,https://sportfunder.com/evanpalmercharette/7882,nation,trust,9.0,1.0
9116,https://sportfunder.com/quebecwrestlingacademy/3037,friend,trust,22.0,3.0
9141,https://sportfunder.com/nationaldevelopmentcentrethunderbay/18549,cross,fear,10.0,3.0
9154,https://sportfunder.com/andyshields/7866,nation,trust,9.0,1.0
9164,https://sportfunder.com/shadyenahas/114,fight,fear,4.0,1.0
9169,https://sportfunder.com/augustandmegansibthorpe/8194,nation,trust,3.0,0.0
9172,https://sportfunder.com/blake/8982,team,trust,7.0,0.0
9179,https://sportfunder.com/aaronsilcock/4734,belt,fear,1.0,1.0
9181,https://sportfunder.com/mackenziestabler/31138,share,trust,13.0,1.0
9195,https://sportfunder.com/synchronlcanadagamesteam/9370,team,trust,7.0,0.0
9202,https://sportfunder.com/braxtonclark/4966,assist,trust,4.0,0.0
9206,https://sportfunder.com/kristenyawney/5050,nation,trust,4.0,0.0
9210,https://sportfunder.com/kelseymckinnon/8658,team,trust,2.0,0.0
9212,https://sportfunder.com/martialartsdevelopment/6374,specialist,trust,35.0,4.0
9251,https://sportfunder.com/b9baseball/29513,school,trust,10.0,0.0
9261,https://sportfunder.com/bradlanglois/172,TRUE,trust,1.0,0.0
9262,https://sportfunder.com/leogoldberg/5070,nation,trust,5.0,0.0
9267,https://sportfunder.com/montrealkaitas/6270,team,trust,4.0,0.0
9271,https://sportfunder.com/nationbjj/6310,nation,trust,1.0,0.0
9272,https://sportfunder.com/teamcanadauniversityworldchampswomensfourw/9734,complement,trust,7.0,0.0
9279,https://sportfunder.com/fitcitie/23054,base,trust,14.0,4.0
9297,https://sportfunder.com/gdrmikaelense/23684,coach,trust,9.0,0.0
9306,https://sportfunder.com/pinelandstrackandfield/23685,top,trust,15.0,2.0
9323,https://sportfunder.com/fcleyendafootballclub/27576,sponsor,trust,3.0,1.0
9327,https://sportfunder.com/kasungumaplotfootballacademy/28040,top,trust,13.0,1.0
9341,https://sportfunder.com/alarzclub/28247,passion,trust,8.0,1.0
9350,https://sportfunder.com/cheyannetorrington/28330,belt,fear,7.0,3.0
9360,https://sportfunder.com/jesseverto/28686,school,trust,3.0,0.0
9363,https://sportfunder.com/shandreotto/29124,swim,fear,17.0,2.0
9382,https://sportfunder.com/bromollamonsters/29554,sponsor,trust,12.0,5.0
9399,https://sportfunder.com/caseneedham/30927,passion,trust,3.0,1.0
9403,https://sportfunder.com/brooklynknight/30955,TRUE,trust,5.0,1.0
9409,https://sportfunder.com/bcdc/31145,money,trust,5.0,2.0
9416,https://sportfunder.com/chanakyaks/31195,passion,trust,3.0,0.0
9419,https://sportfunder.com/clubtriplee/31230,top,trust,11.0,1.0
